timestamp,open,high,low,close,volume
2026-08-11T17:34:05+00:00,1.080000,1.080199,1.079848,1.080112,598
2026-08-11T17:35:05+00:00,1.080112,1.080479,1.080100,1.080456,263
2026-08-11T17:36:05+00:00,1.080456,1.080893,1.080388,1.080615,469
2026-08-11T17:37:05+00:00,1.080615,1.080829,1.080256,1.080391,46
2026-08-11T17:38:05+00:00,1.080391,1.080636,1.080368,1.080528,384
2026-08-11T17:39:05+00:00,1.080528,1.080904,1.080452,1.080823,392
2026-08-11T17:40:05+00:00,1.080823,1.081106,1.079934,1.080607,427
2026-08-11T17:41:05+00:00,1.080607,1.080650,1.080435,1.080593,410
2026-08-11T17:42:05+00:00,1.080593,1.080673,1.080372,1.080385,121
2026-08-11T17:43:05+00:00,1.080385,1.080925,1.080169,1.080732,504
2026-08-11T17:44:05+00:00,1.080732,1.080867,1.080675,1.080712,113
2026-08-11T17:45:05+00:00,1.080712,1.081242,1.080362,1.081053,207
2026-08-11T17:46:05+00:00,1.081053,1.081113,1.080908,1.080995,372
2026-08-11T17:47:05+00:00,1.080995,1.081031,1.080749,1.080968,72
2026-08-11T17:48:05+00:00,1.080968,1.081325,1.080831,1.081208,362
2026-08-11T17:49:05+00:00,1.081208,1.081541,1.081173,1.081175,509
2026-08-11T17:50:05+00:00,1.081175,1.081544,1.080704,1.081418,478
2026-08-11T17:51:05+00:00,1.081418,1.081648,1.081280,1.081459,181
2026-08-11T17:52:05+00:00,1.081459,1.081494,1.081326,1.081491,472
2026-08-11T17:53:05+00:00,1.081491,1.082158,1.081258,1.081894,519
2026-08-11T17:54:05+00:00,1.081894,1.082054,1.080787,1.081313,589
2026-08-11T17:55:05+00:00,1.081313,1.081533,1.081038,1.081501,340
2026-08-11T17:56:05+00:00,1.081501,1.081657,1.081173,1.081371,552
2026-08-11T17:57:05+00:00,1.081371,1.081517,1.081364,1.081371,345
2026-08-11T17:58:05+00:00,1.081371,1.081878,1.081302,1.081713,583
2026-08-11T17:59:05+00:00,1.081713,1.082320,1.081476,1.081991,154
2026-08-11T18:00:05+00:00,1.081991,1.082135,1.081730,1.082000,110
2026-08-11T18:01:05+00:00,1.082000,1.082285,1.081973,1.082155,526
2026-08-11T18:02:05+00:00,1.082155,1.082303,1.081800,1.082268,592
2026-08-11T18:03:05+00:00,1.082268,1.082394,1.081631,1.081948,448
2026-08-11T18:04:05+00:00,1.081948,1.082244,1.081868,1.082237,270
2026-08-11T18:05:05+00:00,1.082237,1.082351,1.082210,1.082225,265
2026-08-11T18:06:05+00:00,1.082225,1.082542,1.082205,1.082536,378
2026-08-11T18:07:05+00:00,1.082536,1.082566,1.082400,1.082556,259
2026-08-11T18:08:05+00:00,1.082556,1.082648,1.082096,1.082251,524
2026-08-11T18:09:05+00:00,1.082251,1.082288,1.082092,1.082184,481
2026-08-11T18:10:05+00:00,1.082184,1.082370,1.081751,1.082063,140
2026-08-11T18:11:05+00:00,1.082063,1.082178,1.081908,1.082156,151
2026-08-11T18:12:05+00:00,1.082156,1.082257,1.082047,1.082158,295
2026-08-11T18:13:05+00:00,1.082158,1.082591,1.081972,1.082229,140
2026-08-11T18:14:05+00:00,1.082229,1.083160,1.081747,1.082904,282
2026-08-11T18:15:05+00:00,1.082904,1.082975,1.082816,1.082823,450
2026-08-11T18:16:05+00:00,1.082823,1.082938,1.082693,1.082912,505
2026-08-11T18:17:05+00:00,1.082912,1.083238,1.082731,1.083175,538
2026-08-11T18:18:05+00:00,1.083175,1.083416,1.082925,1.083259,361
2026-08-11T18:19:05+00:00,1.083259,1.083340,1.083106,1.083154,583
2026-08-11T18:20:05+00:00,1.083154,1.083571,1.083111,1.083396,280
2026-08-11T18:21:05+00:00,1.083396,1.083766,1.083336,1.083608,80
2026-08-11T18:22:05+00:00,1.083608,1.083719,1.083119,1.083479,249
2026-08-11T18:23:05+00:00,1.083479,1.083531,1.083304,1.083424,174
2026-08-11T18:24:05+00:00,1.083424,1.083507,1.083359,1.083359,509
2026-08-11T18:25:05+00:00,1.083359,1.083424,1.083269,1.083297,590
2026-08-11T18:26:05+00:00,1.083297,1.083475,1.083002,1.083325,418
2026-08-11T18:27:05+00:00,1.083325,1.083443,1.083060,1.083108,349
2026-08-11T18:28:05+00:00,1.083108,1.083395,1.082487,1.082764,346
2026-08-11T18:29:05+00:00,1.082764,1.083081,1.082534,1.082778,310
2026-08-11T18:30:05+00:00,1.082778,1.082872,1.082753,1.082830,391
2026-08-11T18:31:05+00:00,1.082830,1.083069,1.082781,1.083025,540
2026-08-11T18:32:05+00:00,1.083025,1.083163,1.082944,1.083023,85
2026-08-11T18:33:05+00:00,1.083023,1.083033,1.082748,1.082827,308
2026-08-11T18:34:05+00:00,1.082827,1.083035,1.082764,1.082905,192
2026-08-11T18:35:05+00:00,1.082905,1.082985,1.082745,1.082881,191
2026-08-11T18:36:05+00:00,1.082881,1.082893,1.082612,1.082846,80
2026-08-11T18:37:05+00:00,1.082846,1.082875,1.082590,1.082705,145
2026-08-11T18:38:05+00:00,1.082705,1.082858,1.082358,1.082606,282
2026-08-11T18:39:05+00:00,1.082606,1.082872,1.082532,1.082572,462
2026-08-11T18:40:05+00:00,1.082572,1.082792,1.082432,1.082770,294
2026-08-11T18:41:05+00:00,1.082770,1.082779,1.082643,1.082679,79
2026-08-11T18:42:05+00:00,1.082679,1.082806,1.082567,1.082732,273
2026-08-11T18:43:05+00:00,1.082732,1.082795,1.082672,1.082757,325
2026-08-11T18:44:05+00:00,1.082757,1.082917,1.082647,1.082730,68
2026-08-11T18:45:05+00:00,1.082730,1.082781,1.082689,1.082698,311
2026-08-11T18:46:05+00:00,1.082698,1.083035,1.082670,1.082998,563
2026-08-11T18:47:05+00:00,1.082998,1.083040,1.082889,1.082920,85
2026-08-11T18:48:05+00:00,1.082920,1.083015,1.082618,1.083004,241
2026-08-11T18:49:05+00:00,1.083004,1.083183,1.082932,1.083031,378
2026-08-11T18:50:05+00:00,1.083031,1.083113,1.082875,1.082952,458
2026-08-11T18:51:05+00:00,1.082952,1.082996,1.082799,1.082929,236
2026-08-11T18:52:05+00:00,1.082929,1.083106,1.082515,1.082692,348
2026-08-11T18:53:05+00:00,1.082692,1.082742,1.082567,1.082654,255
2026-08-11T18:54:05+00:00,1.082654,1.082740,1.082395,1.082556,258
2026-08-11T18:55:05+00:00,1.082556,1.082768,1.082232,1.082677,213
2026-08-11T18:56:05+00:00,1.082677,1.082799,1.082627,1.082693,280
2026-08-11T18:57:05+00:00,1.082693,1.082748,1.082591,1.082732,65
2026-08-11T18:58:05+00:00,1.082732,1.083368,1.082713,1.083246,239
2026-08-11T18:59:05+00:00,1.083246,1.083370,1.083050,1.083161,191
2026-08-11T19:00:05+00:00,1.083161,1.083253,1.083151,1.083238,475
2026-08-11T19:01:05+00:00,1.083238,1.083300,1.083100,1.083251,515
2026-08-11T19:02:05+00:00,1.083251,1.083499,1.082927,1.083455,583
2026-08-11T19:03:05+00:00,1.083455,1.084048,1.083165,1.083624,493
2026-08-11T19:04:05+00:00,1.083624,1.083770,1.083429,1.083515,202
2026-08-11T19:05:05+00:00,1.083515,1.083652,1.083401,1.083423,293
2026-08-11T19:06:05+00:00,1.083423,1.083716,1.083286,1.083589,490
2026-08-11T19:07:05+00:00,1.083589,1.083710,1.083526,1.083696,367
2026-08-11T19:08:05+00:00,1.083696,1.083872,1.083656,1.083848,259
2026-08-11T19:09:05+00:00,1.083848,1.084100,1.083792,1.084015,465
2026-08-11T19:10:05+00:00,1.084015,1.084528,1.083974,1.084430,60
2026-08-11T19:11:05+00:00,1.084430,1.084451,1.083880,1.084090,46
2026-08-11T19:12:05+00:00,1.084090,1.084383,1.083883,1.084341,591
2026-08-11T19:13:05+00:00,1.084341,1.084607,1.084138,1.084218,265
2026-08-11T19:14:05+00:00,1.084218,1.084227,1.083985,1.084170,454
2026-08-11T19:15:05+00:00,1.084170,1.084719,1.083776,1.084468,586
2026-08-11T19:16:05+00:00,1.084468,1.084808,1.084209,1.084777,178
2026-08-11T19:17:05+00:00,1.084777,1.085019,1.084606,1.084940,375
2026-08-11T19:18:05+00:00,1.084940,1.085296,1.084666,1.085100,471
2026-08-11T19:19:05+00:00,1.085100,1.085485,1.085087,1.085462,592
2026-08-11T19:20:05+00:00,1.085462,1.086190,1.085164,1.086087,81
2026-08-11T19:21:05+00:00,1.086087,1.086591,1.086037,1.086440,60
2026-08-11T19:22:05+00:00,1.086440,1.086538,1.086101,1.086444,516
2026-08-11T19:23:05+00:00,1.086444,1.086950,1.086302,1.086935,157
2026-08-11T19:24:05+00:00,1.086935,1.087180,1.086615,1.087087,424
2026-08-11T19:25:05+00:00,1.087087,1.087102,1.086890,1.086959,288
2026-08-11T19:26:05+00:00,1.086959,1.087592,1.086490,1.087157,82
2026-08-11T19:27:05+00:00,1.087157,1.087923,1.087084,1.087773,558
2026-08-11T19:28:05+00:00,1.087773,1.087909,1.087568,1.087885,410
2026-08-11T19:29:05+00:00,1.087885,1.088220,1.087549,1.088039,485
2026-08-11T19:30:05+00:00,1.088039,1.088589,1.087620,1.088317,535
2026-08-11T19:31:05+00:00,1.088317,1.088446,1.087823,1.088074,370
2026-08-11T19:32:05+00:00,1.088074,1.088698,1.088005,1.088510,515
2026-08-11T19:33:05+00:00,1.088510,1.088628,1.088320,1.088521,546
2026-08-11T19:34:05+00:00,1.088521,1.088848,1.088479,1.088768,322
2026-08-11T19:35:05+00:00,1.088768,1.088924,1.088665,1.088681,287
2026-08-11T19:36:05+00:00,1.088681,1.089106,1.088527,1.088772,542
2026-08-11T19:37:05+00:00,1.088772,1.088954,1.088535,1.088555,454
2026-08-11T19:38:05+00:00,1.088555,1.088826,1.088246,1.088622,475
2026-08-11T19:39:05+00:00,1.088622,1.089151,1.088518,1.088832,504
2026-08-11T19:40:05+00:00,1.088832,1.089066,1.088807,1.088958,588
2026-08-11T19:41:05+00:00,1.088958,1.089330,1.088744,1.089246,535
2026-08-11T19:42:05+00:00,1.089246,1.089742,1.088540,1.089339,238
2026-08-11T19:43:05+00:00,1.089339,1.089442,1.088917,1.089040,586
2026-08-11T19:44:05+00:00,1.089040,1.089285,1.088960,1.089257,542
2026-08-11T19:45:05+00:00,1.089257,1.090190,1.089248,1.090075,530
2026-08-11T19:46:05+00:00,1.090075,1.090105,1.089927,1.090063,106
2026-08-11T19:47:05+00:00,1.090063,1.090376,1.089925,1.090102,94
2026-08-11T19:48:05+00:00,1.090102,1.091096,1.089869,1.090562,466
2026-08-11T19:49:05+00:00,1.090562,1.090878,1.090375,1.090829,575
2026-08-11T19:50:05+00:00,1.090829,1.091113,1.090359,1.090530,101
2026-08-11T19:51:05+00:00,1.090530,1.090571,1.089873,1.090527,252
2026-08-11T19:52:05+00:00,1.090527,1.090602,1.090516,1.090527,200
2026-08-11T19:53:05+00:00,1.090527,1.091185,1.090480,1.091039,338
2026-08-11T19:54:05+00:00,1.091039,1.091452,1.090995,1.091421,279
2026-08-11T19:55:05+00:00,1.091421,1.091606,1.090952,1.091492,242
2026-08-11T19:56:05+00:00,1.091492,1.091647,1.090905,1.091334,113
2026-08-11T19:57:05+00:00,1.091334,1.091379,1.091042,1.091205,335
2026-08-11T19:58:05+00:00,1.091205,1.091282,1.090949,1.091070,592
2026-08-11T19:59:05+00:00,1.091070,1.091401,1.091038,1.091343,482
2026-08-11T20:00:05+00:00,1.091343,1.091610,1.091321,1.091456,61
2026-08-11T20:01:05+00:00,1.091456,1.092126,1.091214,1.091998,81
2026-08-11T20:02:05+00:00,1.091998,1.092297,1.091825,1.092156,486
2026-08-11T20:03:05+00:00,1.092156,1.092485,1.092150,1.092374,396
2026-08-11T20:04:05+00:00,1.092374,1.092435,1.092256,1.092326,547
2026-08-11T20:05:05+00:00,1.092326,1.092976,1.092222,1.092687,77
2026-08-11T20:06:05+00:00,1.092687,1.092729,1.092443,1.092616,566
2026-08-11T20:07:05+00:00,1.092616,1.093275,1.092612,1.092705,513
2026-08-11T20:08:05+00:00,1.092705,1.092764,1.092695,1.092705,92
2026-08-11T20:09:05+00:00,1.092705,1.093010,1.092403,1.092501,488
2026-08-11T20:10:05+00:00,1.092501,1.092909,1.092377,1.092830,202
2026-08-11T20:11:05+00:00,1.092830,1.092991,1.092640,1.092654,270
2026-08-11T20:12:05+00:00,1.092654,1.093304,1.092393,1.093284,550
2026-08-11T20:13:05+00:00,1.093284,1.093807,1.092864,1.093693,465
2026-08-11T20:14:05+00:00,1.093693,1.094459,1.093566,1.094129,560
2026-08-11T20:15:05+00:00,1.094129,1.094239,1.094062,1.094181,464
2026-08-11T20:16:05+00:00,1.094181,1.094384,1.093878,1.094097,541
2026-08-11T20:17:05+00:00,1.094097,1.094486,1.094004,1.094218,380
2026-08-11T20:18:05+00:00,1.094218,1.094284,1.094040,1.094087,284
2026-08-11T20:19:05+00:00,1.094087,1.094348,1.093770,1.094315,84
2026-08-11T20:20:05+00:00,1.094315,1.094580,1.093785,1.094331,195
2026-08-11T20:21:05+00:00,1.094331,1.095021,1.094286,1.094832,379
2026-08-11T20:22:05+00:00,1.094832,1.095428,1.094666,1.095202,187
2026-08-11T20:23:05+00:00,1.095202,1.095319,1.095133,1.095272,520
2026-08-11T20:24:05+00:00,1.095272,1.095538,1.095214,1.095402,376
2026-08-11T20:25:05+00:00,1.095402,1.095676,1.095242,1.095546,364
2026-08-11T20:26:05+00:00,1.095546,1.095769,1.095183,1.095383,280
2026-08-11T20:27:05+00:00,1.095383,1.095932,1.095105,1.095418,132
2026-08-11T20:28:05+00:00,1.095418,1.095472,1.095292,1.095441,346
2026-08-11T20:29:05+00:00,1.095441,1.095793,1.095298,1.095402,340
2026-08-11T20:30:05+00:00,1.095402,1.095488,1.095249,1.095382,224
2026-08-11T20:31:05+00:00,1.095382,1.095766,1.095295,1.095604,286
2026-08-11T20:32:05+00:00,1.095604,1.095606,1.095407,1.095478,49
2026-08-11T20:33:05+00:00,1.095478,1.095635,1.095396,1.095431,599
2026-08-11T20:34:05+00:00,1.095431,1.095715,1.095293,1.095612,474
2026-08-11T20:35:05+00:00,1.095612,1.095652,1.095410,1.095530,534
2026-08-11T20:36:05+00:00,1.095530,1.095663,1.095495,1.095614,62
2026-08-11T20:37:05+00:00,1.095614,1.095837,1.095520,1.095776,90
2026-08-11T20:38:05+00:00,1.095776,1.096038,1.095599,1.095928,275
2026-08-11T20:39:05+00:00,1.095928,1.096015,1.095705,1.095821,296
2026-08-11T20:40:05+00:00,1.095821,1.095975,1.095666,1.095745,80
2026-08-11T20:41:05+00:00,1.095745,1.095835,1.095582,1.095617,174
2026-08-11T20:42:05+00:00,1.095617,1.095745,1.095589,1.095693,592
2026-08-11T20:43:05+00:00,1.095693,1.095845,1.095579,1.095744,319
2026-08-11T20:44:05+00:00,1.095744,1.095868,1.095521,1.095785,386
2026-08-11T20:45:05+00:00,1.095785,1.095855,1.095775,1.095807,271
2026-08-11T20:46:05+00:00,1.095807,1.096094,1.095558,1.095920,414
2026-08-11T20:47:05+00:00,1.095920,1.095953,1.095853,1.095879,166
2026-08-11T20:48:05+00:00,1.095879,1.095926,1.095538,1.095718,420
2026-08-11T20:49:05+00:00,1.095718,1.095720,1.095600,1.095612,375
2026-08-11T20:50:05+00:00,1.095612,1.095700,1.095561,1.095682,349
2026-08-11T20:51:05+00:00,1.095682,1.095708,1.095432,1.095455,78
2026-08-11T20:52:05+00:00,1.095455,1.095518,1.095386,1.095409,504
2026-08-11T20:53:05+00:00,1.095409,1.095537,1.095325,1.095367,593
2026-08-11T20:54:05+00:00,1.095367,1.095420,1.095168,1.095194,541
2026-08-11T20:55:05+00:00,1.095194,1.095310,1.095158,1.095222,419
2026-08-11T20:56:05+00:00,1.095222,1.095331,1.095082,1.095250,416
2026-08-11T20:57:05+00:00,1.095250,1.095627,1.095235,1.095521,447
2026-08-11T20:58:05+00:00,1.095521,1.095941,1.095434,1.095466,257
2026-08-11T20:59:05+00:00,1.095466,1.095488,1.095400,1.095415,381
2026-08-11T21:00:05+00:00,1.095415,1.095481,1.095227,1.095418,252
2026-08-11T21:01:05+00:00,1.095418,1.095550,1.095333,1.095515,191
2026-08-11T21:02:05+00:00,1.095515,1.095678,1.095249,1.095560,593
2026-08-11T21:03:05+00:00,1.095560,1.095619,1.095402,1.095518,66
2026-08-11T21:04:05+00:00,1.095518,1.095721,1.095493,1.095610,311
2026-08-11T21:05:05+00:00,1.095610,1.095614,1.095515,1.095596,105
2026-08-11T21:06:05+00:00,1.095596,1.095629,1.095221,1.095339,84
2026-08-11T21:07:05+00:00,1.095339,1.095651,1.095211,1.095453,348
2026-08-11T21:08:05+00:00,1.095453,1.095500,1.094996,1.095067,150
2026-08-11T21:09:05+00:00,1.095067,1.095132,1.095039,1.095088,122
2026-08-11T21:10:05+00:00,1.095088,1.095130,1.094971,1.095048,372
2026-08-11T21:11:05+00:00,1.095048,1.095131,1.094838,1.094896,557
2026-08-11T21:12:05+00:00,1.094896,1.094944,1.094687,1.094836,260
2026-08-11T21:13:05+00:00,1.094836,1.094941,1.094553,1.094641,504
2026-08-11T21:14:05+00:00,1.094641,1.094753,1.094385,1.094419,196
2026-08-11T21:15:05+00:00,1.094419,1.094618,1.094407,1.094542,127
2026-08-11T21:16:05+00:00,1.094542,1.094655,1.094451,1.094608,377
2026-08-11T21:17:05+00:00,1.094608,1.094916,1.094204,1.094398,473
2026-08-11T21:18:05+00:00,1.094398,1.094863,1.094225,1.094592,559
2026-08-11T21:19:05+00:00,1.094592,1.094635,1.094428,1.094492,150
2026-08-11T21:20:05+00:00,1.094492,1.094588,1.094342,1.094354,479
2026-08-11T21:21:05+00:00,1.094354,1.094880,1.094290,1.094485,66
2026-08-11T21:22:05+00:00,1.094485,1.094664,1.094119,1.094271,356
2026-08-11T21:23:05+00:00,1.094271,1.094387,1.094152,1.094299,186
2026-08-11T21:24:05+00:00,1.094299,1.094340,1.094104,1.094121,583
2026-08-11T21:25:05+00:00,1.094121,1.094213,1.094035,1.094085,418
2026-08-11T21:26:05+00:00,1.094085,1.094284,1.093606,1.094020,199
2026-08-11T21:27:05+00:00,1.094020,1.094137,1.093682,1.093789,318
2026-08-11T21:28:05+00:00,1.093789,1.093858,1.093484,1.093595,564
2026-08-11T21:29:05+00:00,1.093595,1.093922,1.093267,1.093852,538
2026-08-11T21:30:05+00:00,1.093852,1.093877,1.093711,1.093768,249
2026-08-11T21:31:05+00:00,1.093768,1.093940,1.093667,1.093915,301
2026-08-11T21:32:05+00:00,1.093915,1.094155,1.093800,1.094037,585
2026-08-11T21:33:05+00:00,1.094037,1.094816,1.094036,1.094257,402
2026-08-11T21:34:05+00:00,1.094257,1.095035,1.093977,1.094926,360
2026-08-11T21:35:05+00:00,1.094926,1.095529,1.094743,1.095159,467
2026-08-11T21:36:05+00:00,1.095159,1.095603,1.094744,1.095245,511
2026-08-11T21:37:05+00:00,1.095245,1.096136,1.095177,1.096013,148
2026-08-11T21:38:05+00:00,1.096013,1.096515,1.095843,1.096185,387
2026-08-11T21:39:05+00:00,1.096185,1.096502,1.096118,1.096490,156
2026-08-11T21:40:05+00:00,1.096490,1.096529,1.095999,1.096463,191
2026-08-11T21:41:05+00:00,1.096463,1.097257,1.096372,1.097188,196
2026-08-11T21:42:05+00:00,1.097188,1.097595,1.097161,1.097367,499
2026-08-11T21:43:05+00:00,1.097367,1.097665,1.096927,1.097199,370
2026-08-11T21:44:05+00:00,1.097199,1.097762,1.097054,1.097606,350
2026-08-11T21:45:05+00:00,1.097606,1.098118,1.097451,1.097879,115
2026-08-11T21:46:05+00:00,1.097879,1.098042,1.097855,1.097918,132
2026-08-11T21:47:05+00:00,1.097918,1.098257,1.097905,1.097972,82
2026-08-11T21:48:05+00:00,1.097972,1.098120,1.097528,1.097658,194
2026-08-11T21:49:05+00:00,1.097658,1.098648,1.097473,1.098072,391
2026-08-11T21:50:05+00:00,1.098072,1.098335,1.097684,1.098323,489
2026-08-11T21:51:05+00:00,1.098323,1.098726,1.098187,1.098562,329
2026-08-11T21:52:05+00:00,1.098562,1.098850,1.098027,1.098369,382
2026-08-11T21:53:05+00:00,1.098369,1.098764,1.098272,1.098621,330
2026-08-11T21:54:05+00:00,1.098621,1.099361,1.098478,1.098750,123
2026-08-11T21:55:05+00:00,1.098750,1.098932,1.098588,1.098800,441
2026-08-11T21:56:05+00:00,1.098800,1.099321,1.098648,1.099191,376
2026-08-11T21:57:05+00:00,1.099191,1.099439,1.098752,1.099198,579
2026-08-11T21:58:05+00:00,1.099198,1.099777,1.099029,1.099613,259
2026-08-11T21:59:05+00:00,1.099613,1.099772,1.099508,1.099761,180
2026-08-11T22:00:05+00:00,1.099761,1.100162,1.099452,1.099990,579
2026-08-11T22:01:05+00:00,1.099990,1.100182,1.099850,1.100097,174
2026-08-11T22:02:05+00:00,1.100097,1.100154,1.100038,1.100114,209
2026-08-11T22:03:05+00:00,1.100114,1.100318,1.099895,1.099952,283
2026-08-11T22:04:05+00:00,1.099952,1.100407,1.099918,1.100348,284
2026-08-11T22:05:05+00:00,1.100348,1.100404,1.100169,1.100315,238
2026-08-11T22:06:05+00:00,1.100315,1.100777,1.099892,1.100096,431
2026-08-11T22:07:05+00:00,1.100096,1.100330,1.100047,1.100243,244
2026-08-11T22:08:05+00:00,1.100243,1.100446,1.100088,1.100383,145
2026-08-11T22:09:05+00:00,1.100383,1.100485,1.100177,1.100188,125
2026-08-11T22:10:05+00:00,1.100188,1.100483,1.100041,1.100303,267
2026-08-11T22:11:05+00:00,1.100303,1.100921,1.099984,1.100561,464
2026-08-11T22:12:05+00:00,1.100561,1.100904,1.100454,1.100861,68
2026-08-11T22:13:05+00:00,1.100861,1.101109,1.100749,1.100953,383
2026-08-11T22:14:05+00:00,1.100953,1.101133,1.100868,1.101073,182
2026-08-11T22:15:05+00:00,1.101073,1.101325,1.100886,1.100935,121
2026-08-11T22:16:05+00:00,1.100935,1.101166,1.100764,1.101049,335
2026-08-11T22:17:05+00:00,1.101049,1.101103,1.100978,1.101030,508
2026-08-11T22:18:05+00:00,1.101030,1.101512,1.100837,1.101410,287
2026-08-11T22:19:05+00:00,1.101410,1.101450,1.101400,1.101447,401
2026-08-11T22:20:05+00:00,1.101447,1.101712,1.101074,1.101546,109
2026-08-11T22:21:05+00:00,1.101546,1.102192,1.101449,1.101854,559
2026-08-11T22:22:05+00:00,1.101854,1.101897,1.101552,1.101793,299
2026-08-11T22:23:05+00:00,1.101793,1.101832,1.101498,1.101547,286
2026-08-11T22:24:05+00:00,1.101547,1.101847,1.101533,1.101609,85
2026-08-11T22:25:05+00:00,1.101609,1.101693,1.101421,1.101556,515
2026-08-11T22:26:05+00:00,1.101556,1.101828,1.101464,1.101816,508
2026-08-11T22:27:05+00:00,1.101816,1.102119,1.101703,1.102084,82
2026-08-11T22:28:05+00:00,1.102084,1.102207,1.102031,1.102115,77
2026-08-11T22:29:05+00:00,1.102115,1.102172,1.101894,1.102040,88
2026-08-11T22:30:05+00:00,1.102040,1.102270,1.101928,1.102217,490
2026-08-11T22:31:05+00:00,1.102217,1.102925,1.101887,1.102543,548
2026-08-11T22:32:05+00:00,1.102543,1.102731,1.102535,1.102575,474
2026-08-11T22:33:05+00:00,1.102575,1.102837,1.102493,1.102727,598
2026-08-11T22:34:05+00:00,1.102727,1.102843,1.102693,1.102794,476
2026-08-11T22:35:05+00:00,1.102794,1.103138,1.102761,1.103049,401
2026-08-11T22:36:05+00:00,1.103049,1.103160,1.102994,1.103008,455
2026-08-11T22:37:05+00:00,1.103008,1.103100,1.102838,1.103043,71
2026-08-11T22:38:05+00:00,1.103043,1.103471,1.102977,1.103276,415
2026-08-11T22:39:05+00:00,1.103276,1.103412,1.103266,1.103382,197
2026-08-11T22:40:05+00:00,1.103382,1.103657,1.103283,1.103296,582
2026-08-11T22:41:05+00:00,1.103296,1.103337,1.103072,1.103166,156
2026-08-11T22:42:05+00:00,1.103166,1.103390,1.103101,1.103374,306
2026-08-11T22:43:05+00:00,1.103374,1.103483,1.103126,1.103427,542
2026-08-11T22:44:05+00:00,1.103427,1.103600,1.103364,1.103557,129
2026-08-11T22:45:05+00:00,1.103557,1.104519,1.103433,1.103918,395
2026-08-11T22:46:05+00:00,1.103918,1.104114,1.103895,1.103961,218
2026-08-11T22:47:05+00:00,1.103961,1.104283,1.103955,1.104174,245
2026-08-11T22:48:05+00:00,1.104174,1.104436,1.104036,1.104319,518
2026-08-11T22:49:05+00:00,1.104319,1.104920,1.104221,1.104628,128
2026-08-11T22:50:05+00:00,1.104628,1.105013,1.104412,1.104927,459
2026-08-11T22:51:05+00:00,1.104927,1.105634,1.104644,1.105069,115
2026-08-11T22:52:05+00:00,1.105069,1.105139,1.104695,1.104882,226
2026-08-11T22:53:05+00:00,1.104882,1.105073,1.104541,1.104741,96
2026-08-11T22:54:05+00:00,1.104741,1.105145,1.104561,1.104990,270
2026-08-11T22:55:05+00:00,1.104990,1.105867,1.104869,1.105554,120
2026-08-11T22:56:05+00:00,1.105554,1.105965,1.105433,1.105677,586
2026-08-11T22:57:05+00:00,1.105677,1.106190,1.105516,1.105942,215
2026-08-11T22:58:05+00:00,1.105942,1.106238,1.105712,1.105868,69
2026-08-11T22:59:05+00:00,1.105868,1.106051,1.105682,1.105743,311
2026-08-11T23:00:05+00:00,1.105743,1.106002,1.105495,1.105636,598
2026-08-11T23:01:05+00:00,1.105636,1.105815,1.105500,1.105550,455
2026-08-11T23:02:05+00:00,1.105550,1.105701,1.105430,1.105659,248
2026-08-11T23:03:05+00:00,1.105659,1.106124,1.105381,1.105905,366
2026-08-11T23:04:05+00:00,1.105905,1.106639,1.105691,1.105995,148
2026-08-11T23:05:05+00:00,1.105995,1.106456,1.105965,1.106319,293
2026-08-11T23:06:05+00:00,1.106319,1.106598,1.106095,1.106516,203
2026-08-11T23:07:05+00:00,1.106516,1.106954,1.106261,1.106454,234
2026-08-11T23:08:05+00:00,1.106454,1.106897,1.106256,1.106627,63
2026-08-11T23:09:05+00:00,1.106627,1.106890,1.106538,1.106777,286
2026-08-11T23:10:05+00:00,1.106777,1.107093,1.106526,1.106982,521
2026-08-11T23:11:05+00:00,1.106982,1.107237,1.106978,1.107151,177
2026-08-11T23:12:05+00:00,1.107151,1.107960,1.106949,1.107633,239
2026-08-11T23:13:05+00:00,1.107633,1.108045,1.107439,1.107997,501
2026-08-11T23:14:05+00:00,1.107997,1.108463,1.107920,1.108172,139
2026-08-11T23:15:05+00:00,1.108172,1.108252,1.107986,1.108198,414
2026-08-11T23:16:05+00:00,1.108198,1.108521,1.108124,1.108360,180
2026-08-11T23:17:05+00:00,1.108360,1.108635,1.108022,1.108516,192
2026-08-11T23:18:05+00:00,1.108516,1.108664,1.108314,1.108403,346
2026-08-11T23:19:05+00:00,1.108403,1.108768,1.108389,1.108449,541
2026-08-11T23:20:05+00:00,1.108449,1.108809,1.108121,1.108545,466
2026-08-11T23:21:05+00:00,1.108545,1.109140,1.108138,1.109017,67
2026-08-11T23:22:05+00:00,1.109017,1.109144,1.108624,1.108990,273
2026-08-11T23:23:05+00:00,1.108990,1.109240,1.108898,1.109082,429
2026-08-11T23:24:05+00:00,1.109082,1.109644,1.109026,1.109496,59
2026-08-11T23:25:05+00:00,1.109496,1.109813,1.109382,1.109609,248
2026-08-11T23:26:05+00:00,1.109609,1.109930,1.108955,1.109351,103
2026-08-11T23:27:05+00:00,1.109351,1.109723,1.109132,1.109176,529
2026-08-11T23:28:05+00:00,1.109176,1.109198,1.108969,1.109090,402
2026-08-11T23:29:05+00:00,1.109090,1.109396,1.108776,1.109110,310
2026-08-11T23:30:05+00:00,1.109110,1.109194,1.108995,1.109123,344
2026-08-11T23:31:05+00:00,1.109123,1.109333,1.108680,1.109204,540
2026-08-11T23:32:05+00:00,1.109204,1.109537,1.109128,1.109251,164
2026-08-11T23:33:05+00:00,1.109251,1.109758,1.109051,1.109192,444
2026-08-11T23:34:05+00:00,1.109192,1.110298,1.109130,1.109617,120
2026-08-11T23:35:05+00:00,1.109617,1.110110,1.109565,1.109974,530
2026-08-11T23:36:05+00:00,1.109974,1.110538,1.109850,1.110229,151
2026-08-11T23:37:05+00:00,1.110229,1.110451,1.110133,1.110293,583
2026-08-11T23:38:05+00:00,1.110293,1.110553,1.110225,1.110463,180
2026-08-11T23:39:05+00:00,1.110463,1.111076,1.110389,1.110852,456
2026-08-11T23:40:05+00:00,1.110852,1.111201,1.110491,1.110694,334
2026-08-11T23:41:05+00:00,1.110694,1.110920,1.110201,1.110495,131
2026-08-11T23:42:05+00:00,1.110495,1.110680,1.110453,1.110527,219
2026-08-11T23:43:05+00:00,1.110527,1.110830,1.110159,1.110605,77
2026-08-11T23:44:05+00:00,1.110605,1.110973,1.110136,1.110970,336
2026-08-11T23:45:05+00:00,1.110970,1.111325,1.110847,1.110868,149
2026-08-11T23:46:05+00:00,1.110868,1.111250,1.110726,1.111177,177
2026-08-11T23:47:05+00:00,1.111177,1.111344,1.111055,1.111089,155
2026-08-11T23:48:05+00:00,1.111089,1.111395,1.111030,1.111037,385
2026-08-11T23:49:05+00:00,1.111037,1.111487,1.110871,1.111120,219
2026-08-11T23:50:05+00:00,1.111120,1.111268,1.110875,1.111005,450
2026-08-11T23:51:05+00:00,1.111005,1.111246,1.110900,1.111201,371
2026-08-11T23:52:05+00:00,1.111201,1.111342,1.111087,1.111335,377
2026-08-11T23:53:05+00:00,1.111335,1.111500,1.111315,1.111497,408
2026-08-11T23:54:05+00:00,1.111497,1.111601,1.111185,1.111280,358
2026-08-11T23:55:05+00:00,1.111280,1.111581,1.110413,1.110771,416
2026-08-11T23:56:05+00:00,1.110771,1.110817,1.110473,1.110567,422
2026-08-11T23:57:05+00:00,1.110567,1.110873,1.110517,1.110718,590
2026-08-11T23:58:05+00:00,1.110718,1.111079,1.110605,1.110727,123
2026-08-11T23:59:05+00:00,1.110727,1.110873,1.110383,1.110409,154
2026-08-12T00:00:05+00:00,1.110409,1.110590,1.110332,1.110518,375
2026-08-12T00:01:05+00:00,1.110518,1.110805,1.110269,1.110379,540
2026-08-12T00:02:05+00:00,1.110379,1.110581,1.110157,1.110456,507
2026-08-12T00:03:05+00:00,1.110456,1.110670,1.110339,1.110422,355
2026-08-12T00:04:05+00:00,1.110422,1.110609,1.110296,1.110303,86
2026-08-12T00:05:05+00:00,1.110303,1.110352,1.109844,1.109997,101
2026-08-12T00:06:05+00:00,1.109997,1.110027,1.109762,1.109964,178
2026-08-12T00:07:05+00:00,1.109964,1.110213,1.109874,1.109908,470
2026-08-12T00:08:05+00:00,1.109908,1.110099,1.109477,1.109585,122
2026-08-12T00:09:05+00:00,1.109585,1.109690,1.109253,1.109422,396
2026-08-12T00:10:05+00:00,1.109422,1.109948,1.109194,1.109697,43
2026-08-12T00:11:05+00:00,1.109697,1.110107,1.109672,1.109921,597
2026-08-12T00:12:05+00:00,1.109921,1.109963,1.109649,1.109702,233
2026-08-12T00:13:05+00:00,1.109702,1.109716,1.109546,1.109639,469
2026-08-12T00:14:05+00:00,1.109639,1.109926,1.109279,1.109283,74
2026-08-12T00:15:05+00:00,1.109283,1.109401,1.109035,1.109256,290
2026-08-12T00:16:05+00:00,1.109256,1.109351,1.109123,1.109162,97
2026-08-12T00:17:05+00:00,1.109162,1.109438,1.109159,1.109379,366
2026-08-12T00:18:05+00:00,1.109379,1.109521,1.109027,1.109057,573
2026-08-12T00:19:05+00:00,1.109057,1.109300,1.109025,1.109289,219
2026-08-12T00:20:05+00:00,1.109289,1.109389,1.108774,1.109086,430
2026-08-12T00:21:05+00:00,1.109086,1.109162,1.108768,1.108933,192
2026-08-12T00:22:05+00:00,1.108933,1.109068,1.108912,1.108990,187
2026-08-12T00:23:05+00:00,1.108990,1.109352,1.108906,1.109211,466
2026-08-12T00:24:05+00:00,1.109211,1.109224,1.109124,1.109153,500
2026-08-12T00:25:05+00:00,1.109153,1.109495,1.109034,1.109314,235
2026-08-12T00:26:05+00:00,1.109314,1.109457,1.109272,1.109422,262
2026-08-12T00:27:05+00:00,1.109422,1.109495,1.109357,1.109434,55
2026-08-12T00:28:05+00:00,1.109434,1.109534,1.109430,1.109453,288
2026-08-12T00:29:05+00:00,1.109453,1.109489,1.109124,1.109246,285
2026-08-12T00:30:05+00:00,1.109246,1.109298,1.108954,1.109040,307
2026-08-12T00:31:05+00:00,1.109040,1.109117,1.108945,1.109015,520
2026-08-12T00:32:05+00:00,1.109015,1.109090,1.109006,1.109023,266
2026-08-12T00:33:05+00:00,1.109023,1.109239,1.109005,1.109061,467
2026-08-12T00:34:05+00:00,1.109061,1.109113,1.108980,1.109036,385
2026-08-12T00:35:05+00:00,1.109036,1.109134,1.108788,1.108992,542
2026-08-12T00:36:05+00:00,1.108992,1.109032,1.108691,1.108771,228
2026-08-12T00:37:05+00:00,1.108771,1.109151,1.108706,1.108909,100
2026-08-12T00:38:05+00:00,1.108909,1.108929,1.108626,1.108635,46
2026-08-12T00:39:05+00:00,1.108635,1.108680,1.108523,1.108593,194
2026-08-12T00:40:05+00:00,1.108593,1.108779,1.108471,1.108771,534
2026-08-12T00:41:05+00:00,1.108771,1.108958,1.108599,1.108618,461
2026-08-12T00:42:05+00:00,1.108618,1.108818,1.108599,1.108809,480
2026-08-12T00:43:05+00:00,1.108809,1.108880,1.108759,1.108805,138
2026-08-12T00:44:05+00:00,1.108805,1.108822,1.108684,1.108686,446
2026-08-12T00:45:05+00:00,1.108686,1.108923,1.108664,1.108840,289
2026-08-12T00:46:05+00:00,1.108840,1.108966,1.108697,1.108959,72
2026-08-12T00:47:05+00:00,1.108959,1.109034,1.108686,1.108757,97
2026-08-12T00:48:05+00:00,1.108757,1.108853,1.108516,1.108582,379
2026-08-12T00:49:05+00:00,1.108582,1.108627,1.108320,1.108375,580
2026-08-12T00:50:05+00:00,1.108375,1.108562,1.108277,1.108487,317
2026-08-12T00:51:05+00:00,1.108487,1.108648,1.108189,1.108270,596
2026-08-12T00:52:05+00:00,1.108270,1.108293,1.108002,1.108227,187
2026-08-12T00:53:05+00:00,1.108227,1.108704,1.108033,1.108657,118
2026-08-12T00:54:05+00:00,1.108657,1.108864,1.108436,1.108585,593
2026-08-12T00:55:05+00:00,1.108585,1.108587,1.108284,1.108356,120
2026-08-12T00:56:05+00:00,1.108356,1.108357,1.107694,1.107844,388
2026-08-12T00:57:05+00:00,1.107844,1.108167,1.107685,1.107984,374
2026-08-12T00:58:05+00:00,1.107984,1.108172,1.107751,1.108135,424
2026-08-12T00:59:05+00:00,1.108135,1.108242,1.107932,1.108146,127
2026-08-12T01:00:05+00:00,1.108146,1.108269,1.108060,1.108169,429
2026-08-12T01:01:05+00:00,1.108169,1.108461,1.107919,1.108238,364
2026-08-12T01:02:05+00:00,1.108238,1.108321,1.107790,1.108183,144
2026-08-12T01:03:05+00:00,1.108183,1.108340,1.108079,1.108297,564
2026-08-12T01:04:05+00:00,1.108297,1.108315,1.108097,1.108258,372
2026-08-12T01:05:05+00:00,1.108258,1.108649,1.108240,1.108407,126
2026-08-12T01:06:05+00:00,1.108407,1.108734,1.108352,1.108367,429
2026-08-12T01:07:05+00:00,1.108367,1.108620,1.108280,1.108609,189
2026-08-12T01:08:05+00:00,1.108609,1.108871,1.108547,1.108806,297
2026-08-12T01:09:05+00:00,1.108806,1.108868,1.108519,1.108814,240
2026-08-12T01:10:05+00:00,1.108814,1.108826,1.108587,1.108710,429
2026-08-12T01:11:05+00:00,1.108710,1.109054,1.108456,1.108944,179
2026-08-12T01:12:05+00:00,1.108944,1.109207,1.108733,1.108859,447
2026-08-12T01:13:05+00:00,1.108859,1.108976,1.108484,1.108876,542
2026-08-12T01:14:05+00:00,1.108876,1.109261,1.108830,1.109213,413
2026-08-12T01:15:05+00:00,1.109213,1.109673,1.109161,1.109551,598
2026-08-12T01:16:05+00:00,1.109551,1.109821,1.109523,1.109693,254
2026-08-12T01:17:05+00:00,1.109693,1.109754,1.109006,1.109234,458
2026-08-12T01:18:05+00:00,1.109234,1.109297,1.109184,1.109185,473
2026-08-12T01:19:05+00:00,1.109185,1.109875,1.108895,1.109296,530
2026-08-12T01:20:05+00:00,1.109296,1.109438,1.108927,1.109092,77
2026-08-12T01:21:05+00:00,1.109092,1.109373,1.108608,1.108950,589
2026-08-12T01:22:05+00:00,1.108950,1.109064,1.108607,1.108609,210
2026-08-12T01:23:05+00:00,1.108609,1.109376,1.108467,1.108879,449
2026-08-12T01:24:05+00:00,1.108879,1.109076,1.108807,1.109038,267
2026-08-12T01:25:05+00:00,1.109038,1.109290,1.109015,1.109089,266
2026-08-12T01:26:05+00:00,1.109089,1.109153,1.108730,1.108923,393
2026-08-12T01:27:05+00:00,1.108923,1.109111,1.108794,1.108815,127
2026-08-12T01:28:05+00:00,1.108815,1.109262,1.108777,1.109119,251
2026-08-12T01:29:05+00:00,1.109119,1.109330,1.109065,1.109291,503
2026-08-12T01:30:05+00:00,1.109291,1.109436,1.108958,1.109232,151
2026-08-12T01:31:05+00:00,1.109232,1.109687,1.108824,1.109443,289
2026-08-12T01:32:05+00:00,1.109443,1.109458,1.109128,1.109240,454
2026-08-12T01:33:05+00:00,1.109240,1.109406,1.109033,1.109319,445
2026-08-12T01:34:05+00:00,1.109319,1.109553,1.109244,1.109530,259
2026-08-12T01:35:05+00:00,1.109530,1.109533,1.109284,1.109447,104
2026-08-12T01:36:05+00:00,1.109447,1.109558,1.109150,1.109209,156
2026-08-12T01:37:05+00:00,1.109209,1.109357,1.109121,1.109282,360
2026-08-12T01:38:05+00:00,1.109282,1.109388,1.108968,1.109118,216
2026-08-12T01:39:05+00:00,1.109118,1.109380,1.108988,1.109343,126
2026-08-12T01:40:05+00:00,1.109343,1.109409,1.109224,1.109286,184
2026-08-12T01:41:05+00:00,1.109286,1.109431,1.109254,1.109375,432
2026-08-12T01:42:05+00:00,1.109375,1.109439,1.108997,1.109237,217
2026-08-12T01:43:05+00:00,1.109237,1.109302,1.109084,1.109089,362
2026-08-12T01:44:05+00:00,1.109089,1.109366,1.108920,1.109187,239
2026-08-12T01:45:05+00:00,1.109187,1.109354,1.109105,1.109143,546
2026-08-12T01:46:05+00:00,1.109143,1.109225,1.108947,1.109021,71
2026-08-12T01:47:05+00:00,1.109021,1.109053,1.108986,1.109046,270
2026-08-12T01:48:05+00:00,1.109046,1.109060,1.108967,1.108975,563
2026-08-12T01:49:05+00:00,1.108975,1.109053,1.108703,1.108771,415
2026-08-12T01:50:05+00:00,1.108771,1.108827,1.108497,1.108580,475
2026-08-12T01:51:05+00:00,1.108580,1.108656,1.108497,1.108610,344
2026-08-12T01:52:05+00:00,1.108610,1.108644,1.108590,1.108630,160
2026-08-12T01:53:05+00:00,1.108630,1.108649,1.108367,1.108594,399
2026-08-12T01:54:05+00:00,1.108594,1.108785,1.108479,1.108692,251
2026-08-12T01:55:05+00:00,1.108692,1.108832,1.108497,1.108563,591
2026-08-12T01:56:05+00:00,1.108563,1.108890,1.108401,1.108713,566
2026-08-12T01:57:05+00:00,1.108713,1.108740,1.108537,1.108594,461
2026-08-12T01:58:05+00:00,1.108594,1.109087,1.108414,1.108890,295
2026-08-12T01:59:05+00:00,1.108890,1.109065,1.108851,1.109046,442
2026-08-12T02:00:05+00:00,1.109046,1.109052,1.108839,1.108904,135
2026-08-12T02:01:05+00:00,1.108904,1.108965,1.108778,1.108965,417
2026-08-12T02:02:05+00:00,1.108965,1.108997,1.108714,1.108845,135
2026-08-12T02:03:05+00:00,1.108845,1.109008,1.108648,1.108692,406
2026-08-12T02:04:05+00:00,1.108692,1.108970,1.108295,1.108452,330
2026-08-12T02:05:05+00:00,1.108452,1.108666,1.108385,1.108542,536
2026-08-12T02:06:05+00:00,1.108542,1.109056,1.108313,1.108707,510
2026-08-12T02:07:05+00:00,1.108707,1.108891,1.108690,1.108856,507
2026-08-12T02:08:05+00:00,1.108856,1.109345,1.108838,1.109344,349
2026-08-12T02:09:05+00:00,1.109344,1.109417,1.109315,1.109353,409
2026-08-12T02:10:05+00:00,1.109353,1.109632,1.109253,1.109442,352
2026-08-12T02:11:05+00:00,1.109442,1.109681,1.109259,1.109675,133
2026-08-12T02:12:05+00:00,1.109675,1.109770,1.109608,1.109764,495
2026-08-12T02:13:05+00:00,1.109764,1.109989,1.109644,1.109947,472
2026-08-12T02:14:05+00:00,1.109947,1.110085,1.109787,1.109974,145
2026-08-12T02:15:05+00:00,1.109974,1.110284,1.109930,1.110237,176
2026-08-12T02:16:05+00:00,1.110237,1.110333,1.110064,1.110167,208
2026-08-12T02:17:05+00:00,1.110167,1.110205,1.109968,1.110170,195
2026-08-12T02:18:05+00:00,1.110170,1.110591,1.110107,1.110493,183
2026-08-12T02:19:05+00:00,1.110493,1.111151,1.110387,1.110984,479
2026-08-12T02:20:05+00:00,1.110984,1.111110,1.110849,1.111048,331
2026-08-12T02:21:05+00:00,1.111048,1.111429,1.110663,1.111278,348
2026-08-12T02:22:05+00:00,1.111278,1.111608,1.111152,1.111461,285
2026-08-12T02:23:05+00:00,1.111461,1.111904,1.111331,1.111753,112
2026-08-12T02:24:05+00:00,1.111753,1.111881,1.111182,1.111310,470
2026-08-12T02:25:05+00:00,1.111310,1.111486,1.111076,1.111380,114
2026-08-12T02:26:05+00:00,1.111380,1.111581,1.111334,1.111576,447
2026-08-12T02:27:05+00:00,1.111576,1.111864,1.111418,1.111713,465
2026-08-12T02:28:05+00:00,1.111713,1.111814,1.111516,1.111636,125
2026-08-12T02:29:05+00:00,1.111636,1.111831,1.111629,1.111729,199
2026-08-12T02:30:05+00:00,1.111729,1.111779,1.111465,1.111634,107
2026-08-12T02:31:05+00:00,1.111634,1.111993,1.111311,1.111459,284
2026-08-12T02:32:05+00:00,1.111459,1.111710,1.111216,1.111682,356
2026-08-12T02:33:05+00:00,1.111682,1.111989,1.111558,1.111908,52
2026-08-12T02:34:05+00:00,1.111908,1.112142,1.111753,1.111943,305
2026-08-12T02:35:05+00:00,1.111943,1.112156,1.111774,1.111991,315
2026-08-12T02:36:05+00:00,1.111991,1.112266,1.111828,1.112115,576
2026-08-12T02:37:05+00:00,1.112115,1.112521,1.111967,1.112485,118
2026-08-12T02:38:05+00:00,1.112485,1.112488,1.112275,1.112319,201
2026-08-12T02:39:05+00:00,1.112319,1.112511,1.112191,1.112341,158
2026-08-12T02:40:05+00:00,1.112341,1.112664,1.112285,1.112528,523
2026-08-12T02:41:05+00:00,1.112528,1.112634,1.112465,1.112523,76
2026-08-12T02:42:05+00:00,1.112523,1.112730,1.111888,1.112109,466
2026-08-12T02:43:05+00:00,1.112109,1.112637,1.111548,1.112374,421
2026-08-12T02:44:05+00:00,1.112374,1.112947,1.112349,1.112823,87
2026-08-12T02:45:05+00:00,1.112823,1.113653,1.112660,1.113301,329
2026-08-12T02:46:05+00:00,1.113301,1.113602,1.113179,1.113489,338
2026-08-12T02:47:05+00:00,1.113489,1.113832,1.113155,1.113714,515
2026-08-12T02:48:05+00:00,1.113714,1.114432,1.113265,1.113361,599
2026-08-12T02:49:05+00:00,1.113361,1.113362,1.113030,1.113064,459
2026-08-12T02:50:05+00:00,1.113064,1.113621,1.113051,1.113570,383
2026-08-12T02:51:05+00:00,1.113570,1.113811,1.113385,1.113689,354
2026-08-12T02:52:05+00:00,1.113689,1.114255,1.113628,1.114124,185
2026-08-12T02:53:05+00:00,1.114124,1.114845,1.113755,1.114286,572
2026-08-12T02:54:05+00:00,1.114286,1.114543,1.113920,1.113924,557
2026-08-12T02:55:05+00:00,1.113924,1.113949,1.113652,1.113705,103
2026-08-12T02:56:05+00:00,1.113705,1.113884,1.113174,1.113185,442
2026-08-12T02:57:05+00:00,1.113185,1.113613,1.112929,1.113590,318
2026-08-12T02:58:05+00:00,1.113590,1.114171,1.113581,1.113816,148
2026-08-12T02:59:05+00:00,1.113816,1.113993,1.113783,1.113837,588
2026-08-12T03:00:05+00:00,1.113837,1.114142,1.113253,1.113688,132
2026-08-12T03:01:05+00:00,1.113688,1.114080,1.113425,1.113968,81
2026-08-12T03:02:05+00:00,1.113968,1.114530,1.113873,1.114243,445
2026-08-12T03:03:05+00:00,1.114243,1.114292,1.112776,1.113548,71
2026-08-12T03:04:05+00:00,1.113548,1.114091,1.113453,1.113960,144
2026-08-12T03:05:05+00:00,1.113960,1.113988,1.113839,1.113872,267
2026-08-12T03:06:05+00:00,1.113872,1.114374,1.113695,1.114129,305
2026-08-12T03:07:05+00:00,1.114129,1.115037,1.113358,1.113821,242
2026-08-12T03:08:05+00:00,1.113821,1.114058,1.113628,1.113981,379
2026-08-12T03:09:05+00:00,1.113981,1.114017,1.113663,1.113677,483
2026-08-12T03:10:05+00:00,1.113677,1.113818,1.113652,1.113728,259
2026-08-12T03:11:05+00:00,1.113728,1.113776,1.113242,1.113546,192
2026-08-12T03:12:05+00:00,1.113546,1.113850,1.113505,1.113807,530
2026-08-12T03:13:05+00:00,1.113807,1.113992,1.113752,1.113981,244
2026-08-12T03:14:05+00:00,1.113981,1.114176,1.113508,1.113683,59
2026-08-12T03:15:05+00:00,1.113683,1.113736,1.113362,1.113624,597
2026-08-12T03:16:05+00:00,1.113624,1.113802,1.113548,1.113616,66
2026-08-12T03:17:05+00:00,1.113616,1.113782,1.113310,1.113721,327
2026-08-12T03:18:05+00:00,1.113721,1.114485,1.113644,1.114281,203
2026-08-12T03:19:05+00:00,1.114281,1.114325,1.113355,1.113422,97
2026-08-12T03:20:05+00:00,1.113422,1.113873,1.113237,1.113420,217
2026-08-12T03:21:05+00:00,1.113420,1.113589,1.113244,1.113355,407
2026-08-12T03:22:05+00:00,1.113355,1.113380,1.113106,1.113352,232
2026-08-12T03:23:05+00:00,1.113352,1.113570,1.112682,1.113229,595
2026-08-12T03:24:05+00:00,1.113229,1.113328,1.113101,1.113108,579
2026-08-12T03:25:05+00:00,1.113108,1.113302,1.112923,1.113197,173
2026-08-12T03:26:05+00:00,1.113197,1.113305,1.113047,1.113095,191
2026-08-12T03:27:05+00:00,1.113095,1.113344,1.112867,1.113010,578
2026-08-12T03:28:05+00:00,1.113010,1.113510,1.112888,1.113257,143
2026-08-12T03:29:05+00:00,1.113257,1.113403,1.112860,1.113158,487
2026-08-12T03:30:05+00:00,1.113158,1.113642,1.112956,1.113232,405
2026-08-12T03:31:05+00:00,1.113232,1.113630,1.113101,1.113563,341
2026-08-12T03:32:05+00:00,1.113563,1.113932,1.113348,1.113668,73
2026-08-12T03:33:05+00:00,1.113668,1.113744,1.113347,1.113513,266
2026-08-12T03:34:05+00:00,1.113513,1.113567,1.113335,1.113364,395
2026-08-12T03:35:05+00:00,1.113364,1.113592,1.112928,1.113330,130
2026-08-12T03:36:05+00:00,1.113330,1.113587,1.113316,1.113346,254
2026-08-12T03:37:05+00:00,1.113346,1.113420,1.113242,1.113276,150
2026-08-12T03:38:05+00:00,1.113276,1.113316,1.113106,1.113175,463
2026-08-12T03:39:05+00:00,1.113175,1.113301,1.113013,1.113133,143
2026-08-12T03:40:05+00:00,1.113133,1.113410,1.113127,1.113179,502
2026-08-12T03:41:05+00:00,1.113179,1.113215,1.112926,1.112977,366
2026-08-12T03:42:05+00:00,1.112977,1.113030,1.112835,1.112885,116
2026-08-12T03:43:05+00:00,1.112885,1.112935,1.112702,1.112739,534
2026-08-12T03:44:05+00:00,1.112739,1.112896,1.112478,1.112606,94
2026-08-12T03:45:05+00:00,1.112606,1.112620,1.112370,1.112417,593
2026-08-12T03:46:05+00:00,1.112417,1.112494,1.112203,1.112320,542
2026-08-12T03:47:05+00:00,1.112320,1.112377,1.112230,1.112297,341
2026-08-12T03:48:05+00:00,1.112297,1.112470,1.112226,1.112309,338
2026-08-12T03:49:05+00:00,1.112309,1.112405,1.112268,1.112284,447
2026-08-12T03:50:05+00:00,1.112284,1.112322,1.111816,1.111877,419
2026-08-12T03:51:05+00:00,1.111877,1.112015,1.111525,1.111673,309
2026-08-12T03:52:05+00:00,1.111673,1.111725,1.111379,1.111474,139
2026-08-12T03:53:05+00:00,1.111474,1.111526,1.111275,1.111353,272
2026-08-12T03:54:05+00:00,1.111353,1.111466,1.110787,1.110980,526
2026-08-12T03:55:05+00:00,1.110980,1.111000,1.110858,1.110989,444
2026-08-12T03:56:05+00:00,1.110989,1.111234,1.110790,1.111109,190
2026-08-12T03:57:05+00:00,1.111109,1.111112,1.110798,1.110849,211
2026-08-12T03:58:05+00:00,1.110849,1.111080,1.110625,1.111053,485
2026-08-12T03:59:05+00:00,1.111053,1.111216,1.111004,1.111192,304
2026-08-12T04:00:05+00:00,1.111192,1.111470,1.110775,1.110983,373
2026-08-12T04:01:05+00:00,1.110983,1.111448,1.110927,1.111002,52
2026-08-12T04:02:05+00:00,1.111002,1.111209,1.110824,1.110962,191
2026-08-12T04:03:05+00:00,1.110962,1.111325,1.110746,1.110953,142
2026-08-12T04:04:05+00:00,1.110953,1.111112,1.110928,1.111061,392
2026-08-12T04:05:05+00:00,1.111061,1.111210,1.110743,1.111181,524
2026-08-12T04:06:05+00:00,1.111181,1.111243,1.111063,1.111224,79
2026-08-12T04:07:05+00:00,1.111224,1.111384,1.110783,1.110935,90
2026-08-12T04:08:05+00:00,1.110935,1.111462,1.110388,1.110816,350
2026-08-12T04:09:05+00:00,1.110816,1.110963,1.110532,1.110754,140
2026-08-12T04:10:05+00:00,1.110754,1.110803,1.110745,1.110786,368
2026-08-12T04:11:05+00:00,1.110786,1.110950,1.110225,1.110320,232
2026-08-12T04:12:05+00:00,1.110320,1.110447,1.109581,1.109773,422
2026-08-12T04:13:05+00:00,1.109773,1.109915,1.109668,1.109681,358
2026-08-12T04:14:05+00:00,1.109681,1.109916,1.109201,1.109507,217
2026-08-12T04:15:05+00:00,1.109507,1.109627,1.109134,1.109342,295
2026-08-12T04:16:05+00:00,1.109342,1.109353,1.109241,1.109290,515
2026-08-12T04:17:05+00:00,1.109290,1.109438,1.109214,1.109372,71
2026-08-12T04:18:05+00:00,1.109372,1.109587,1.109053,1.109258,398
2026-08-12T04:19:05+00:00,1.109258,1.109326,1.108952,1.109062,132
2026-08-12T04:20:05+00:00,1.109062,1.109189,1.108574,1.108879,266
2026-08-12T04:21:05+00:00,1.108879,1.108962,1.108299,1.108469,459
2026-08-12T04:22:05+00:00,1.108469,1.108521,1.107694,1.107841,175
2026-08-12T04:23:05+00:00,1.107841,1.107867,1.107426,1.107445,298
2026-08-12T04:24:05+00:00,1.107445,1.107843,1.106780,1.106834,425
2026-08-12T04:25:05+00:00,1.106834,1.107037,1.106439,1.106493,349
2026-08-12T04:26:05+00:00,1.106493,1.106823,1.105947,1.106135,423
2026-08-12T04:27:05+00:00,1.106135,1.106341,1.106028,1.106180,150
2026-08-12T04:28:05+00:00,1.106180,1.106197,1.105731,1.105794,345
2026-08-12T04:29:05+00:00,1.105794,1.105952,1.105782,1.105839,98
2026-08-12T04:30:05+00:00,1.105839,1.106288,1.105634,1.105856,66
2026-08-12T04:31:05+00:00,1.105856,1.106066,1.105353,1.105356,468
2026-08-12T04:32:05+00:00,1.105356,1.105591,1.104363,1.104832,391
2026-08-12T04:33:05+00:00,1.104832,1.104895,1.104306,1.104663,527
2026-08-12T04:34:05+00:00,1.104663,1.105055,1.104404,1.104856,225
2026-08-12T04:35:05+00:00,1.104856,1.105158,1.104201,1.104257,227
2026-08-12T04:36:05+00:00,1.104257,1.104870,1.104223,1.104674,354
2026-08-12T04:37:05+00:00,1.104674,1.104878,1.104535,1.104717,341
2026-08-12T04:38:05+00:00,1.104717,1.104930,1.103273,1.103482,239
2026-08-12T04:39:05+00:00,1.103482,1.103834,1.103012,1.103399,345
2026-08-12T04:40:05+00:00,1.103399,1.103753,1.102004,1.102312,508
2026-08-12T04:41:05+00:00,1.102312,1.102449,1.102125,1.102285,122
2026-08-12T04:42:05+00:00,1.102285,1.102323,1.101376,1.101399,320
2026-08-12T04:43:05+00:00,1.101399,1.101470,1.100874,1.101353,202
2026-08-12T04:44:05+00:00,1.101353,1.101387,1.099969,1.100289,453
2026-08-12T04:45:05+00:00,1.100289,1.100337,1.099698,1.099705,586
2026-08-12T04:46:05+00:00,1.099705,1.100130,1.099491,1.099893,235
2026-08-12T04:47:05+00:00,1.099893,1.101372,1.099883,1.100951,271
2026-08-12T04:48:05+00:00,1.100951,1.101227,1.100437,1.100754,211
2026-08-12T04:49:05+00:00,1.100754,1.101962,1.100559,1.101302,506
2026-08-12T04:50:05+00:00,1.101302,1.101877,1.100109,1.101188,390
2026-08-12T04:51:05+00:00,1.101188,1.102497,1.099815,1.099896,208
2026-08-12T04:52:05+00:00,1.099896,1.101503,1.099796,1.101174,174
2026-08-12T04:53:05+00:00,1.101174,1.102542,1.101116,1.102128,166
2026-08-12T04:54:05+00:00,1.102128,1.102405,1.101413,1.101554,587
2026-08-12T04:55:05+00:00,1.101554,1.101701,1.101140,1.101238,150
2026-08-12T04:56:05+00:00,1.101238,1.101335,1.100670,1.101172,600
2026-08-12T04:57:05+00:00,1.101172,1.101525,1.100939,1.101452,49
2026-08-12T04:58:05+00:00,1.101452,1.102241,1.101093,1.101189,180
2026-08-12T04:59:05+00:00,1.101189,1.102365,1.100880,1.101946,160
2026-08-12T05:00:05+00:00,1.101946,1.102749,1.101120,1.101749,575
2026-08-12T05:01:05+00:00,1.101749,1.102196,1.100596,1.101151,204
2026-08-12T05:02:05+00:00,1.101151,1.101851,1.100894,1.101761,42
2026-08-12T05:03:05+00:00,1.101761,1.101850,1.101512,1.101567,545
2026-08-12T05:04:05+00:00,1.101567,1.101858,1.101533,1.101701,302
2026-08-12T05:05:05+00:00,1.101701,1.103031,1.101098,1.101468,310
2026-08-12T05:06:05+00:00,1.101468,1.101497,1.101017,1.101243,360
2026-08-12T05:07:05+00:00,1.101243,1.101909,1.100739,1.101343,86
2026-08-12T05:08:05+00:00,1.101343,1.101624,1.100863,1.101609,314
2026-08-12T05:09:05+00:00,1.101609,1.103373,1.101032,1.102501,227
2026-08-12T05:10:05+00:00,1.102501,1.102660,1.102324,1.102427,471
2026-08-12T05:11:05+00:00,1.102427,1.102457,1.102224,1.102321,100
2026-08-12T05:12:05+00:00,1.102321,1.102850,1.102222,1.102828,488
2026-08-12T05:13:05+00:00,1.102828,1.102906,1.102743,1.102816,69
2026-08-12T05:14:05+00:00,1.102816,1.103518,1.102629,1.103190,539
2026-08-12T05:15:05+00:00,1.103190,1.103216,1.103141,1.103157,307
2026-08-12T05:16:05+00:00,1.103157,1.103275,1.102789,1.103245,269
2026-08-12T05:17:05+00:00,1.103245,1.103406,1.103054,1.103300,575
2026-08-12T05:18:05+00:00,1.103300,1.103492,1.103276,1.103305,434
2026-08-12T05:19:05+00:00,1.103305,1.103399,1.103018,1.103199,95
2026-08-12T05:20:05+00:00,1.103199,1.103737,1.103024,1.103711,209
2026-08-12T05:21:05+00:00,1.103711,1.103908,1.103708,1.103847,324
2026-08-12T05:22:05+00:00,1.103847,1.104095,1.103746,1.104058,510
2026-08-12T05:23:05+00:00,1.104058,1.104275,1.104032,1.104222,550
2026-08-12T05:24:05+00:00,1.104222,1.104258,1.104185,1.104235,462
2026-08-12T05:25:05+00:00,1.104235,1.104390,1.104194,1.104263,351
2026-08-12T05:26:05+00:00,1.104263,1.104646,1.104121,1.104514,95
2026-08-12T05:27:05+00:00,1.104514,1.104734,1.104377,1.104642,524
2026-08-12T05:28:05+00:00,1.104642,1.104818,1.104488,1.104699,42
2026-08-12T05:29:05+00:00,1.104699,1.105058,1.104445,1.104919,338
2026-08-12T05:30:05+00:00,1.104919,1.104941,1.104788,1.104860,459
2026-08-12T05:31:05+00:00,1.104860,1.104898,1.104804,1.104836,442
2026-08-12T05:32:05+00:00,1.104836,1.105145,1.104758,1.104984,87
2026-08-12T05:33:05+00:00,1.104984,1.105422,1.104767,1.105290,501
2026-08-12T05:34:05+00:00,1.105290,1.105336,1.105164,1.105176,89
2026-08-12T05:35:05+00:00,1.105176,1.105425,1.105101,1.105258,560
2026-08-12T05:36:05+00:00,1.105258,1.105747,1.105124,1.105408,146
2026-08-12T05:37:05+00:00,1.105408,1.105938,1.105267,1.105745,556
2026-08-12T05:38:05+00:00,1.105745,1.106053,1.105706,1.105949,447
2026-08-12T05:39:05+00:00,1.105949,1.106162,1.105884,1.105924,176
2026-08-12T05:40:05+00:00,1.105924,1.106343,1.105564,1.106148,600
2026-08-12T05:41:05+00:00,1.106148,1.106315,1.105726,1.106212,262
2026-08-12T05:42:05+00:00,1.106212,1.106508,1.106123,1.106367,222
2026-08-12T05:43:05+00:00,1.106367,1.106696,1.106253,1.106655,158
2026-08-12T05:44:05+00:00,1.106655,1.106952,1.106433,1.106759,586
2026-08-12T05:45:05+00:00,1.106759,1.106872,1.106596,1.106758,575
2026-08-12T05:46:05+00:00,1.106758,1.107024,1.106702,1.106978,204
2026-08-12T05:47:05+00:00,1.106978,1.107168,1.106866,1.107118,103
2026-08-12T05:48:05+00:00,1.107118,1.107305,1.106785,1.107161,144
2026-08-12T05:49:05+00:00,1.107161,1.107419,1.106969,1.107322,269
2026-08-12T05:50:05+00:00,1.107322,1.107549,1.107280,1.107409,334
2026-08-12T05:51:05+00:00,1.107409,1.107583,1.107139,1.107192,466
2026-08-12T05:52:05+00:00,1.107192,1.107870,1.107172,1.107777,297
2026-08-12T05:53:05+00:00,1.107777,1.108018,1.107618,1.107871,493
2026-08-12T05:54:05+00:00,1.107871,1.108560,1.107672,1.108179,599
2026-08-12T05:55:05+00:00,1.108179,1.108289,1.107710,1.108025,238
2026-08-12T05:56:05+00:00,1.108025,1.108221,1.107977,1.108100,566
2026-08-12T05:57:05+00:00,1.108100,1.108406,1.108079,1.108326,310
2026-08-12T05:58:05+00:00,1.108326,1.108751,1.108227,1.108626,198
2026-08-12T05:59:05+00:00,1.108626,1.109140,1.108572,1.109029,348
2026-08-12T06:00:05+00:00,1.109029,1.109088,1.107650,1.108855,573
2026-08-12T06:01:05+00:00,1.108855,1.109084,1.108657,1.108665,589
2026-08-12T06:02:05+00:00,1.108665,1.108972,1.108024,1.108294,340
2026-08-12T06:03:05+00:00,1.108294,1.108300,1.107551,1.107914,49
2026-08-12T06:04:05+00:00,1.107914,1.108452,1.107479,1.108263,289
2026-08-12T06:05:05+00:00,1.108263,1.108497,1.106851,1.107369,156
2026-08-12T06:06:05+00:00,1.107369,1.107648,1.106343,1.106880,423
2026-08-12T06:07:05+00:00,1.106880,1.107406,1.106332,1.106361,343
2026-08-12T06:08:05+00:00,1.106361,1.106823,1.106096,1.106643,590
2026-08-12T06:09:05+00:00,1.106643,1.106873,1.106301,1.106537,258
2026-08-12T06:10:05+00:00,1.106537,1.107136,1.106125,1.106921,485
2026-08-12T06:11:05+00:00,1.106921,1.107767,1.106379,1.106716,197
2026-08-12T06:12:05+00:00,1.106716,1.107664,1.106578,1.107606,297
2026-08-12T06:13:05+00:00,1.107606,1.108097,1.107437,1.107766,304
2026-08-12T06:14:05+00:00,1.107766,1.108032,1.107056,1.107234,161
2026-08-12T06:15:05+00:00,1.107234,1.108219,1.106678,1.107767,86
2026-08-12T06:16:05+00:00,1.107767,1.108037,1.106686,1.107697,348
2026-08-12T06:17:05+00:00,1.107697,1.108601,1.106430,1.108347,430
2026-08-12T06:18:05+00:00,1.108347,1.108796,1.107382,1.107646,440
2026-08-12T06:19:05+00:00,1.107646,1.107978,1.107117,1.107578,187
2026-08-12T06:20:05+00:00,1.107578,1.109125,1.106445,1.107198,51
2026-08-12T06:21:05+00:00,1.107198,1.107465,1.106442,1.106538,45
2026-08-12T06:22:05+00:00,1.106538,1.106782,1.105656,1.105982,392
2026-08-12T06:23:05+00:00,1.105982,1.106795,1.105582,1.106200,185
2026-08-12T06:24:05+00:00,1.106200,1.106864,1.106044,1.106434,95
2026-08-12T06:25:05+00:00,1.106434,1.108946,1.105466,1.106806,512
2026-08-12T06:26:05+00:00,1.106806,1.107000,1.106654,1.106656,538
2026-08-12T06:27:05+00:00,1.106656,1.107808,1.105735,1.107073,280
2026-08-12T06:28:05+00:00,1.107073,1.108403,1.106729,1.107780,353
2026-08-12T06:29:05+00:00,1.107780,1.108887,1.107099,1.108407,363
2026-08-12T06:30:05+00:00,1.108407,1.108844,1.108257,1.108777,486
2026-08-12T06:31:05+00:00,1.108777,1.109167,1.107336,1.107811,379
2026-08-12T06:32:05+00:00,1.107811,1.108664,1.107615,1.108313,219
2026-08-12T06:33:05+00:00,1.108313,1.109488,1.108069,1.109056,183
2026-08-12T06:34:05+00:00,1.109056,1.109650,1.108313,1.109375,59
2026-08-12T06:35:05+00:00,1.109375,1.110267,1.107693,1.108663,454
2026-08-12T06:36:05+00:00,1.108663,1.108897,1.108625,1.108714,592
2026-08-12T06:37:05+00:00,1.108714,1.110081,1.108239,1.110006,268
2026-08-12T06:38:05+00:00,1.110006,1.111232,1.109447,1.110634,132
2026-08-12T06:39:05+00:00,1.110634,1.111835,1.110625,1.111163,209
2026-08-12T06:40:05+00:00,1.111163,1.111356,1.110780,1.111178,189
2026-08-12T06:41:05+00:00,1.111178,1.111767,1.110808,1.110869,264
2026-08-12T06:42:05+00:00,1.110869,1.111170,1.110813,1.110899,570
2026-08-12T06:43:05+00:00,1.110899,1.112266,1.110292,1.111755,505
2026-08-12T06:44:05+00:00,1.111755,1.111984,1.110576,1.111876,320
2026-08-12T06:45:05+00:00,1.111876,1.112842,1.111062,1.112773,218
2026-08-12T06:46:05+00:00,1.112773,1.113127,1.112217,1.112384,297
2026-08-12T06:47:05+00:00,1.112384,1.112794,1.111982,1.112252,401
2026-08-12T06:48:05+00:00,1.112252,1.112964,1.112199,1.112457,182
2026-08-12T06:49:05+00:00,1.112457,1.112521,1.111909,1.112417,327
2026-08-12T06:50:05+00:00,1.112417,1.112737,1.112378,1.112498,275
2026-08-12T06:51:05+00:00,1.112498,1.112593,1.112071,1.112243,530
2026-08-12T06:52:05+00:00,1.112243,1.112331,1.111249,1.111567,170
2026-08-12T06:53:05+00:00,1.111567,1.112109,1.111017,1.111766,80
2026-08-12T06:54:05+00:00,1.111766,1.112078,1.111477,1.111981,455
2026-08-12T06:55:05+00:00,1.111981,1.112063,1.111673,1.111707,330
2026-08-12T06:56:05+00:00,1.111707,1.112125,1.111199,1.112022,264
2026-08-12T06:57:05+00:00,1.112022,1.112888,1.111457,1.112118,226
2026-08-12T06:58:05+00:00,1.112118,1.112330,1.111500,1.111725,110
2026-08-12T06:59:05+00:00,1.111725,1.111824,1.110701,1.110788,247
2026-08-12T07:00:05+00:00,1.110788,1.110928,1.109544,1.109828,221
2026-08-12T07:01:05+00:00,1.109828,1.110189,1.108952,1.109302,160
2026-08-12T07:02:05+00:00,1.109302,1.110243,1.109277,1.109824,481
2026-08-12T07:03:05+00:00,1.109824,1.109898,1.109740,1.109819,582
2026-08-12T07:04:05+00:00,1.109819,1.110169,1.108905,1.108943,140
2026-08-12T07:05:05+00:00,1.108943,1.108958,1.108031,1.108570,125
2026-08-12T07:06:05+00:00,1.108570,1.109180,1.108222,1.108401,47
2026-08-12T07:07:05+00:00,1.108401,1.109002,1.108372,1.108970,250
2026-08-12T07:08:05+00:00,1.108970,1.109195,1.108614,1.108843,299
2026-08-12T07:09:05+00:00,1.108843,1.109598,1.108773,1.109296,322
2026-08-12T07:10:05+00:00,1.109296,1.109682,1.109034,1.109671,223
2026-08-12T07:11:05+00:00,1.109671,1.109864,1.109450,1.109520,354
2026-08-12T07:12:05+00:00,1.109520,1.109742,1.108613,1.108968,161
2026-08-12T07:13:05+00:00,1.108968,1.110075,1.108772,1.109513,205
2026-08-12T07:14:05+00:00,1.109513,1.110129,1.109343,1.109854,93
2026-08-12T07:15:05+00:00,1.109854,1.109873,1.109390,1.109395,133
2026-08-12T07:16:05+00:00,1.109395,1.109899,1.109178,1.109569,419
2026-08-12T07:17:05+00:00,1.109569,1.109866,1.109531,1.109710,450
2026-08-12T07:18:05+00:00,1.109710,1.109994,1.108693,1.109397,219
2026-08-12T07:19:05+00:00,1.109397,1.109604,1.108841,1.108924,570
2026-08-12T07:20:05+00:00,1.108924,1.109005,1.108674,1.108904,213
2026-08-12T07:21:05+00:00,1.108904,1.109221,1.108496,1.108880,201
2026-08-12T07:22:05+00:00,1.108880,1.109220,1.108753,1.109113,245
2026-08-12T07:23:05+00:00,1.109113,1.109122,1.108699,1.108810,132
2026-08-12T07:24:05+00:00,1.108810,1.108961,1.108043,1.108289,323
2026-08-12T07:25:05+00:00,1.108289,1.108510,1.108080,1.108132,453
2026-08-12T07:26:05+00:00,1.108132,1.108225,1.107814,1.107894,341
2026-08-12T07:27:05+00:00,1.107894,1.108194,1.107698,1.107977,303
2026-08-12T07:28:05+00:00,1.107977,1.108842,1.107691,1.108431,535
2026-08-12T07:29:05+00:00,1.108431,1.108477,1.106594,1.107572,509
2026-08-12T07:30:05+00:00,1.107572,1.108381,1.106936,1.107257,431
2026-08-12T07:31:05+00:00,1.107257,1.107812,1.107238,1.107288,275
2026-08-12T07:32:05+00:00,1.107288,1.107661,1.106893,1.107405,309
2026-08-12T07:33:05+00:00,1.107405,1.107692,1.107087,1.107277,390
2026-08-12T07:34:05+00:00,1.107277,1.108378,1.106879,1.108047,315
2026-08-12T07:35:05+00:00,1.108047,1.108701,1.107552,1.108689,234
2026-08-12T07:36:05+00:00,1.108689,1.108691,1.108236,1.108431,247
2026-08-12T07:37:05+00:00,1.108431,1.108650,1.107876,1.108239,149
2026-08-12T07:38:05+00:00,1.108239,1.108497,1.108181,1.108357,594
2026-08-12T07:39:05+00:00,1.108357,1.108645,1.107953,1.108359,362
2026-08-12T07:40:05+00:00,1.108359,1.108429,1.106762,1.107157,563
2026-08-12T07:41:05+00:00,1.107157,1.107220,1.106441,1.106797,95
2026-08-12T07:42:05+00:00,1.106797,1.106887,1.105868,1.106352,218
2026-08-12T07:43:05+00:00,1.106352,1.106746,1.106057,1.106434,363
2026-08-12T07:44:05+00:00,1.106434,1.106472,1.106205,1.106408,305
2026-08-12T07:45:05+00:00,1.106408,1.106425,1.106008,1.106212,391
2026-08-12T07:46:05+00:00,1.106212,1.106451,1.105770,1.105850,450
2026-08-12T07:47:05+00:00,1.105850,1.105919,1.105270,1.105417,274
2026-08-12T07:48:05+00:00,1.105417,1.106510,1.104419,1.105718,240
2026-08-12T07:49:05+00:00,1.105718,1.105860,1.105353,1.105390,49
2026-08-12T07:50:05+00:00,1.105390,1.106328,1.104936,1.105650,363
2026-08-12T07:51:05+00:00,1.105650,1.105872,1.104472,1.105156,88
2026-08-12T07:52:05+00:00,1.105156,1.105368,1.104420,1.104524,138
2026-08-12T07:53:05+00:00,1.104524,1.104726,1.103635,1.103977,303
2026-08-12T07:54:05+00:00,1.103977,1.104302,1.103451,1.103673,591
2026-08-12T07:55:05+00:00,1.103673,1.103726,1.102734,1.103010,562
2026-08-12T07:56:05+00:00,1.103010,1.103094,1.101726,1.102121,188
2026-08-12T07:57:05+00:00,1.102121,1.103383,1.100960,1.102430,471
2026-08-12T07:58:05+00:00,1.102430,1.103054,1.101584,1.101934,273
2026-08-12T07:59:05+00:00,1.101934,1.102430,1.101434,1.102080,444
2026-08-12T08:00:05+00:00,1.102080,1.102808,1.101411,1.101997,501
2026-08-12T08:01:05+00:00,1.101997,1.102622,1.101909,1.102583,280
2026-08-12T08:02:05+00:00,1.102583,1.103807,1.101530,1.101850,145
2026-08-12T08:03:05+00:00,1.101850,1.102324,1.101724,1.102023,95
2026-08-12T08:04:05+00:00,1.102023,1.102725,1.101583,1.102617,199
2026-08-12T08:05:05+00:00,1.102617,1.103064,1.102461,1.102875,330
2026-08-12T08:06:05+00:00,1.102875,1.102937,1.102844,1.102893,405
2026-08-12T08:07:05+00:00,1.102893,1.103280,1.102562,1.103111,593
2026-08-12T08:08:05+00:00,1.103111,1.103663,1.102939,1.103589,507
2026-08-12T08:09:05+00:00,1.103589,1.103864,1.103325,1.103633,576
2026-08-12T08:10:05+00:00,1.103633,1.103960,1.103319,1.103565,131
2026-08-12T08:11:05+00:00,1.103565,1.103862,1.103434,1.103745,350
2026-08-12T08:12:05+00:00,1.103745,1.104272,1.103579,1.104247,587
2026-08-12T08:13:05+00:00,1.104247,1.104831,1.104115,1.104582,528
2026-08-12T08:14:05+00:00,1.104582,1.105108,1.104114,1.104590,422
2026-08-12T08:15:05+00:00,1.104590,1.104719,1.104337,1.104455,295
2026-08-12T08:16:05+00:00,1.104455,1.105154,1.104334,1.104854,472
2026-08-12T08:17:05+00:00,1.104854,1.105656,1.104803,1.105166,318
2026-08-12T08:18:05+00:00,1.105166,1.105738,1.104627,1.105221,226
2026-08-12T08:19:05+00:00,1.105221,1.105793,1.105116,1.105667,503
2026-08-12T08:20:05+00:00,1.105667,1.105991,1.105616,1.105768,587
2026-08-12T08:21:05+00:00,1.105768,1.106030,1.105752,1.105934,168
2026-08-12T08:22:05+00:00,1.105934,1.106260,1.105818,1.105991,390
2026-08-12T08:23:05+00:00,1.105991,1.106465,1.105742,1.106409,420
2026-08-12T08:24:05+00:00,1.106409,1.106486,1.105819,1.106083,97
2026-08-12T08:25:05+00:00,1.106083,1.106255,1.105532,1.105670,225
2026-08-12T08:26:05+00:00,1.105670,1.106563,1.105596,1.106007,294
2026-08-12T08:27:05+00:00,1.106007,1.106184,1.105983,1.106034,74
2026-08-12T08:28:05+00:00,1.106034,1.106520,1.105989,1.106319,438
2026-08-12T08:29:05+00:00,1.106319,1.106409,1.106088,1.106308,83
2026-08-12T08:30:05+00:00,1.106308,1.106610,1.106196,1.106441,409
2026-08-12T08:31:05+00:00,1.106441,1.106753,1.106277,1.106610,155
2026-08-12T08:32:05+00:00,1.106610,1.106888,1.106571,1.106775,445
2026-08-12T08:33:05+00:00,1.106775,1.106857,1.106587,1.106592,526
2026-08-12T08:34:05+00:00,1.106592,1.106821,1.106589,1.106674,386
2026-08-12T08:35:05+00:00,1.106674,1.107526,1.106666,1.107099,101
2026-08-12T08:36:05+00:00,1.107099,1.107244,1.106906,1.107146,364
2026-08-12T08:37:05+00:00,1.107146,1.107574,1.106646,1.107450,489
2026-08-12T08:38:05+00:00,1.107450,1.107610,1.107429,1.107574,80
2026-08-12T08:39:05+00:00,1.107574,1.107724,1.107466,1.107528,541
2026-08-12T08:40:05+00:00,1.107528,1.107804,1.107514,1.107707,204
2026-08-12T08:41:05+00:00,1.107707,1.107756,1.107580,1.107652,309
2026-08-12T08:42:05+00:00,1.107652,1.107721,1.107147,1.107539,59
2026-08-12T08:43:05+00:00,1.107539,1.107834,1.107322,1.107645,368
2026-08-12T08:44:05+00:00,1.107645,1.107976,1.107471,1.107705,549
2026-08-12T08:45:05+00:00,1.107705,1.108089,1.107553,1.107984,459
2026-08-12T08:46:05+00:00,1.107984,1.108101,1.107676,1.108034,172
2026-08-12T08:47:05+00:00,1.108034,1.108352,1.108024,1.108299,236
2026-08-12T08:48:05+00:00,1.108299,1.108788,1.108148,1.108616,302
2026-08-12T08:49:05+00:00,1.108616,1.108641,1.108390,1.108525,53
2026-08-12T08:50:05+00:00,1.108525,1.108793,1.108474,1.108747,102
2026-08-12T08:51:05+00:00,1.108747,1.108812,1.108463,1.108801,417
2026-08-12T08:52:05+00:00,1.108801,1.108977,1.108521,1.108919,351
2026-08-12T08:53:05+00:00,1.108919,1.108986,1.108819,1.108965,143
2026-08-12T08:54:05+00:00,1.108965,1.109151,1.108889,1.109028,223
2026-08-12T08:55:05+00:00,1.109028,1.109345,1.108935,1.109102,406
2026-08-12T08:56:05+00:00,1.109102,1.109288,1.108885,1.109075,451
2026-08-12T08:57:05+00:00,1.109075,1.109447,1.108926,1.109350,493
2026-08-12T08:58:05+00:00,1.109350,1.109900,1.109062,1.109769,462
2026-08-12T08:59:05+00:00,1.109769,1.110114,1.109648,1.109854,286
2026-08-12T09:00:05+00:00,1.109854,1.109901,1.109718,1.109839,503
2026-08-12T09:01:05+00:00,1.109839,1.110038,1.109714,1.109872,331
2026-08-12T09:02:05+00:00,1.109872,1.110013,1.109746,1.109801,267
2026-08-12T09:03:05+00:00,1.109801,1.110078,1.109654,1.110014,322
2026-08-12T09:04:05+00:00,1.110014,1.110347,1.109957,1.110264,511
2026-08-12T09:05:05+00:00,1.110264,1.110388,1.110182,1.110319,295
2026-08-12T09:06:05+00:00,1.110319,1.110570,1.110184,1.110435,119
2026-08-12T09:07:05+00:00,1.110435,1.110749,1.110338,1.110723,137
2026-08-12T09:08:05+00:00,1.110723,1.110800,1.110641,1.110700,97
2026-08-12T09:09:05+00:00,1.110700,1.110953,1.110363,1.110756,484
2026-08-12T09:10:05+00:00,1.110756,1.110939,1.110533,1.110572,51
2026-08-12T09:11:05+00:00,1.110572,1.111338,1.110499,1.111062,193
2026-08-12T09:12:05+00:00,1.111062,1.111313,1.110524,1.110816,496
2026-08-12T09:13:05+00:00,1.110816,1.110959,1.109692,1.109766,482
2026-08-12T09:14:05+00:00,1.109766,1.109940,1.109477,1.109680,90
2026-08-12T09:15:05+00:00,1.109680,1.109930,1.109367,1.109905,484
2026-08-12T09:16:05+00:00,1.109905,1.110029,1.109707,1.109933,240
2026-08-12T09:17:05+00:00,1.109933,1.110326,1.109776,1.109783,288
2026-08-12T09:18:05+00:00,1.109783,1.110532,1.109687,1.110345,463
2026-08-12T09:19:05+00:00,1.110345,1.110490,1.110068,1.110272,64
2026-08-12T09:20:05+00:00,1.110272,1.110460,1.110065,1.110300,189
2026-08-12T09:21:05+00:00,1.110300,1.110494,1.109590,1.109690,422
2026-08-12T09:22:05+00:00,1.109690,1.110278,1.109682,1.110034,191
2026-08-12T09:23:05+00:00,1.110034,1.110066,1.109676,1.109745,153
2026-08-12T09:24:05+00:00,1.109745,1.110037,1.109582,1.109594,599
2026-08-12T09:25:05+00:00,1.109594,1.109616,1.108917,1.109318,184
2026-08-12T09:26:05+00:00,1.109318,1.109739,1.108806,1.109112,301
2026-08-12T09:27:05+00:00,1.109112,1.109198,1.108433,1.108829,317
2026-08-12T09:28:05+00:00,1.108829,1.109495,1.108724,1.109413,408
2026-08-12T09:29:05+00:00,1.109413,1.110647,1.109291,1.109634,435
2026-08-12T09:30:05+00:00,1.109634,1.110230,1.109237,1.109684,584
2026-08-12T09:31:05+00:00,1.109684,1.110089,1.109153,1.109913,62
2026-08-12T09:32:05+00:00,1.109913,1.111082,1.109406,1.110911,58
2026-08-12T09:33:05+00:00,1.110911,1.111236,1.110539,1.110959,281
2026-08-12T09:34:05+00:00,1.110959,1.112291,1.110740,1.112269,436
2026-08-12T09:35:05+00:00,1.112269,1.112466,1.112140,1.112410,326
2026-08-12T09:36:05+00:00,1.112410,1.112812,1.112022,1.112479,573
2026-08-12T09:37:05+00:00,1.112479,1.113763,1.111906,1.113091,272
2026-08-12T09:38:05+00:00,1.113091,1.113348,1.112310,1.112517,499
2026-08-12T09:39:05+00:00,1.112517,1.112836,1.112399,1.112737,247
2026-08-12T09:40:05+00:00,1.112737,1.112954,1.112618,1.112809,188
2026-08-12T09:41:05+00:00,1.112809,1.112925,1.112694,1.112744,109
2026-08-12T09:42:05+00:00,1.112744,1.112840,1.112097,1.112192,70
2026-08-12T09:43:05+00:00,1.112192,1.112746,1.112020,1.112562,461
2026-08-12T09:44:05+00:00,1.112562,1.112967,1.112113,1.112389,195
2026-08-12T09:45:05+00:00,1.112389,1.112516,1.111952,1.112053,313
2026-08-12T09:46:05+00:00,1.112053,1.112238,1.111743,1.111749,121
2026-08-12T09:47:05+00:00,1.111749,1.112032,1.111708,1.111751,520
2026-08-12T09:48:05+00:00,1.111751,1.112013,1.111493,1.111644,237
2026-08-12T09:49:05+00:00,1.111644,1.111966,1.111390,1.111598,316
2026-08-12T09:50:05+00:00,1.111598,1.111762,1.111550,1.111709,221
2026-08-12T09:51:05+00:00,1.111709,1.112420,1.111654,1.111814,541
2026-08-12T09:52:05+00:00,1.111814,1.112364,1.111109,1.111570,429
2026-08-12T09:53:05+00:00,1.111570,1.112191,1.111189,1.111705,589
2026-08-12T09:54:05+00:00,1.111705,1.111795,1.110842,1.111144,83
2026-08-12T09:55:05+00:00,1.111144,1.111154,1.110679,1.111052,80
2026-08-12T09:56:05+00:00,1.111052,1.111157,1.110517,1.110711,447
2026-08-12T09:57:05+00:00,1.110711,1.110756,1.110463,1.110719,210
2026-08-12T09:58:05+00:00,1.110719,1.110793,1.110288,1.110351,502
2026-08-12T09:59:05+00:00,1.110351,1.110429,1.110280,1.110280,599
2026-08-12T10:00:05+00:00,1.110280,1.110559,1.110160,1.110399,246
2026-08-12T10:01:05+00:00,1.110399,1.110881,1.110253,1.110652,207
2026-08-12T10:02:05+00:00,1.110652,1.110717,1.110453,1.110569,576
2026-08-12T10:03:05+00:00,1.110569,1.110694,1.109852,1.110589,203
2026-08-12T10:04:05+00:00,1.110589,1.110779,1.110042,1.110351,193
2026-08-12T10:05:05+00:00,1.110351,1.110498,1.109932,1.110121,92
2026-08-12T10:06:05+00:00,1.110121,1.110237,1.109502,1.109872,160
2026-08-12T10:07:05+00:00,1.109872,1.109959,1.109865,1.109934,299
2026-08-12T10:08:05+00:00,1.109934,1.110195,1.109830,1.110175,545
2026-08-12T10:09:05+00:00,1.110175,1.110325,1.109703,1.109796,459
2026-08-12T10:10:05+00:00,1.109796,1.109846,1.109363,1.109423,252
2026-08-12T10:11:05+00:00,1.109423,1.109519,1.109103,1.109233,77
2026-08-12T10:12:05+00:00,1.109233,1.109537,1.108769,1.108820,466
2026-08-12T10:13:05+00:00,1.108820,1.108973,1.108383,1.108629,221
2026-08-12T10:14:05+00:00,1.108629,1.108988,1.108302,1.108920,370
2026-08-12T10:15:05+00:00,1.108920,1.108973,1.108824,1.108875,477
2026-08-12T10:16:05+00:00,1.108875,1.108941,1.108471,1.108783,377
2026-08-12T10:17:05+00:00,1.108783,1.109348,1.108728,1.108999,99
2026-08-12T10:18:05+00:00,1.108999,1.109437,1.108712,1.109180,334
2026-08-12T10:19:05+00:00,1.109180,1.109270,1.108889,1.109016,402
2026-08-12T10:20:05+00:00,1.109016,1.109320,1.108983,1.109189,224
2026-08-12T10:21:05+00:00,1.109189,1.109216,1.108518,1.108763,238
2026-08-12T10:22:05+00:00,1.108763,1.108763,1.108343,1.108682,464
2026-08-12T10:23:05+00:00,1.108682,1.108986,1.108475,1.108866,257
2026-08-12T10:24:05+00:00,1.108866,1.108901,1.108832,1.108894,558
2026-08-12T10:25:05+00:00,1.108894,1.108905,1.108468,1.108570,381
2026-08-12T10:26:05+00:00,1.108570,1.108867,1.108108,1.108243,378
2026-08-12T10:27:05+00:00,1.108243,1.108506,1.108004,1.108143,525
2026-08-12T10:28:05+00:00,1.108143,1.108399,1.107842,1.108115,589
2026-08-12T10:29:05+00:00,1.108115,1.108586,1.107550,1.107663,97
2026-08-12T10:30:05+00:00,1.107663,1.107827,1.107525,1.107637,253
2026-08-12T10:31:05+00:00,1.107637,1.107974,1.107261,1.107761,402
2026-08-12T10:32:05+00:00,1.107761,1.107816,1.107631,1.107755,587
2026-08-12T10:33:05+00:00,1.107755,1.108022,1.107654,1.107810,159
2026-08-12T10:34:05+00:00,1.107810,1.108180,1.107790,1.107920,463
2026-08-12T10:35:05+00:00,1.107920,1.107985,1.107795,1.107858,349
2026-08-12T10:36:05+00:00,1.107858,1.107938,1.107750,1.107787,134
2026-08-12T10:37:05+00:00,1.107787,1.107958,1.107335,1.107362,552
2026-08-12T10:38:05+00:00,1.107362,1.107479,1.107262,1.107356,375
2026-08-12T10:39:05+00:00,1.107356,1.107645,1.107025,1.107144,175
2026-08-12T10:40:05+00:00,1.107144,1.107179,1.107015,1.107059,358
2026-08-12T10:41:05+00:00,1.107059,1.107172,1.106625,1.106896,129
2026-08-12T10:42:05+00:00,1.106896,1.107051,1.106604,1.106618,63
2026-08-12T10:43:05+00:00,1.106618,1.106745,1.105936,1.106243,368
2026-08-12T10:44:05+00:00,1.106243,1.106359,1.106161,1.106193,319
2026-08-12T10:45:05+00:00,1.106193,1.106195,1.105841,1.105856,566
2026-08-12T10:46:05+00:00,1.105856,1.106040,1.105810,1.105930,330
2026-08-12T10:47:05+00:00,1.105930,1.106287,1.105817,1.106226,386
2026-08-12T10:48:05+00:00,1.106226,1.106231,1.106070,1.106088,432
2026-08-12T10:49:05+00:00,1.106088,1.106128,1.105951,1.105971,496
2026-08-12T10:50:05+00:00,1.105971,1.106075,1.105722,1.105783,586
2026-08-12T10:51:05+00:00,1.105783,1.105894,1.105412,1.105471,174
2026-08-12T10:52:05+00:00,1.105471,1.105777,1.105358,1.105619,516
2026-08-12T10:53:05+00:00,1.105619,1.105686,1.105587,1.105610,304
2026-08-12T10:54:05+00:00,1.105610,1.105739,1.105468,1.105657,372
2026-08-12T10:55:05+00:00,1.105657,1.105796,1.105311,1.105338,399
2026-08-12T10:56:05+00:00,1.105338,1.105364,1.104882,1.104958,560
2026-08-12T10:57:05+00:00,1.104958,1.105093,1.104835,1.105038,373
2026-08-12T10:58:05+00:00,1.105038,1.105051,1.104762,1.104897,284
2026-08-12T10:59:05+00:00,1.104897,1.105281,1.104742,1.104862,433
2026-08-12T11:00:05+00:00,1.104862,1.104918,1.104454,1.104874,390
2026-08-12T11:01:05+00:00,1.104874,1.104990,1.104668,1.104972,119
2026-08-12T11:02:05+00:00,1.104972,1.105260,1.104682,1.104868,373
2026-08-12T11:03:05+00:00,1.104868,1.104961,1.104787,1.104922,455
2026-08-12T11:04:05+00:00,1.104922,1.104959,1.104879,1.104903,546
2026-08-12T11:05:05+00:00,1.104903,1.105007,1.104611,1.104654,182
2026-08-12T11:06:05+00:00,1.104654,1.105063,1.104563,1.104835,192
2026-08-12T11:07:05+00:00,1.104835,1.104884,1.104561,1.104743,497
2026-08-12T11:08:05+00:00,1.104743,1.104910,1.104501,1.104735,351
2026-08-12T11:09:05+00:00,1.104735,1.105048,1.104344,1.104475,392
2026-08-12T11:10:05+00:00,1.104475,1.105110,1.104397,1.105090,418
2026-08-12T11:11:05+00:00,1.105090,1.105306,1.105088,1.105297,407
2026-08-12T11:12:05+00:00,1.105297,1.105553,1.105202,1.105512,365
2026-08-12T11:13:05+00:00,1.105512,1.105890,1.105397,1.105718,256
2026-08-12T11:14:05+00:00,1.105718,1.105823,1.105526,1.105710,467
2026-08-12T11:15:05+00:00,1.105710,1.106262,1.105708,1.106107,177
2026-08-12T11:16:05+00:00,1.106107,1.106510,1.105993,1.106499,179
2026-08-12T11:17:05+00:00,1.106499,1.106561,1.106338,1.106415,506
2026-08-12T11:18:05+00:00,1.106415,1.107016,1.106216,1.106774,474
2026-08-12T11:19:05+00:00,1.106774,1.106940,1.106675,1.106729,230
2026-08-12T11:20:05+00:00,1.106729,1.106832,1.106695,1.106822,315
2026-08-12T11:21:05+00:00,1.106822,1.106974,1.106557,1.106603,78
2026-08-12T11:22:05+00:00,1.106603,1.106674,1.106244,1.106412,185
2026-08-12T11:23:05+00:00,1.106412,1.107035,1.106334,1.106574,326
2026-08-12T11:24:05+00:00,1.106574,1.106634,1.106312,1.106610,119
2026-08-12T11:25:05+00:00,1.106610,1.107174,1.106534,1.106874,94
2026-08-12T11:26:05+00:00,1.106874,1.107310,1.106674,1.107243,379
2026-08-12T11:27:05+00:00,1.107243,1.107844,1.107161,1.107522,336
2026-08-12T11:28:05+00:00,1.107522,1.108144,1.107389,1.107840,306
2026-08-12T11:29:05+00:00,1.107840,1.108449,1.107828,1.108382,92
2026-08-12T11:30:05+00:00,1.108382,1.108587,1.108081,1.108404,169
2026-08-12T11:31:05+00:00,1.108404,1.108696,1.108264,1.108593,175
2026-08-12T11:32:05+00:00,1.108593,1.108679,1.108568,1.108580,194
2026-08-12T11:33:05+00:00,1.108580,1.108689,1.108253,1.108370,281
2026-08-12T11:34:05+00:00,1.108370,1.108423,1.107975,1.108046,188
2026-08-12T11:35:05+00:00,1.108046,1.108491,1.107620,1.108285,462
2026-08-12T11:36:05+00:00,1.108285,1.108614,1.108190,1.108458,393
2026-08-12T11:37:05+00:00,1.108458,1.108485,1.108234,1.108465,93
2026-08-12T11:38:05+00:00,1.108465,1.108912,1.108458,1.108752,585
2026-08-12T11:39:05+00:00,1.108752,1.108819,1.108290,1.108443,308
2026-08-12T11:40:05+00:00,1.108443,1.109121,1.108332,1.108939,363
2026-08-12T11:41:05+00:00,1.108939,1.108999,1.108845,1.108958,584
2026-08-12T11:42:05+00:00,1.108958,1.109379,1.108275,1.108656,383
2026-08-12T11:43:05+00:00,1.108656,1.108701,1.108404,1.108536,440
2026-08-12T11:44:05+00:00,1.108536,1.108600,1.108138,1.108280,572
2026-08-12T11:45:05+00:00,1.108280,1.108326,1.107889,1.108006,600
2026-08-12T11:46:05+00:00,1.108006,1.108201,1.107870,1.108200,496
2026-08-12T11:47:05+00:00,1.108200,1.108566,1.108046,1.108541,74
2026-08-12T11:48:05+00:00,1.108541,1.108846,1.108167,1.108823,164
2026-08-12T11:49:05+00:00,1.108823,1.109249,1.108128,1.108528,173
2026-08-12T11:50:05+00:00,1.108528,1.108863,1.108280,1.108339,153
2026-08-12T11:51:05+00:00,1.108339,1.108346,1.107996,1.108324,117
2026-08-12T11:52:05+00:00,1.108324,1.108644,1.107708,1.108066,371
2026-08-12T11:53:05+00:00,1.108066,1.108522,1.107924,1.108494,103
2026-08-12T11:54:05+00:00,1.108494,1.108572,1.108364,1.108461,491
2026-08-12T11:55:05+00:00,1.108461,1.108642,1.108450,1.108555,442
2026-08-12T11:56:05+00:00,1.108555,1.109007,1.108543,1.108851,148
2026-08-12T11:57:05+00:00,1.108851,1.108886,1.108655,1.108810,114
2026-08-12T11:58:05+00:00,1.108810,1.109576,1.108456,1.109366,40
2026-08-12T11:59:05+00:00,1.109366,1.109692,1.109135,1.109555,377
2026-08-12T12:00:05+00:00,1.109555,1.110172,1.109301,1.109998,486
2026-08-12T12:01:05+00:00,1.109998,1.110084,1.109625,1.110031,111
2026-08-12T12:02:05+00:00,1.110031,1.110164,1.109871,1.110157,588
2026-08-12T12:03:05+00:00,1.110157,1.110471,1.109642,1.110026,450
2026-08-12T12:04:05+00:00,1.110026,1.111307,1.109693,1.111009,388
2026-08-12T12:05:05+00:00,1.111009,1.111731,1.110957,1.111530,247
2026-08-12T12:06:05+00:00,1.111530,1.111751,1.111424,1.111702,149
2026-08-12T12:07:05+00:00,1.111702,1.112268,1.111623,1.112203,488
2026-08-12T12:08:05+00:00,1.112203,1.112405,1.112167,1.112327,540
2026-08-12T12:09:05+00:00,1.112327,1.112397,1.111885,1.112139,551
2026-08-12T12:10:05+00:00,1.112139,1.112217,1.111772,1.111825,97
2026-08-12T12:11:05+00:00,1.111825,1.111985,1.111658,1.111954,256
2026-08-12T12:12:05+00:00,1.111954,1.112441,1.111947,1.112303,113
2026-08-12T12:13:05+00:00,1.112303,1.112385,1.112006,1.112107,522
2026-08-12T12:14:05+00:00,1.112107,1.112394,1.112094,1.112298,91
2026-08-12T12:15:05+00:00,1.112298,1.112345,1.112128,1.112227,214
2026-08-12T12:16:05+00:00,1.112227,1.112296,1.111994,1.112220,265
2026-08-12T12:17:05+00:00,1.112220,1.112372,1.112144,1.112348,451
2026-08-12T12:18:05+00:00,1.112348,1.112772,1.111859,1.112074,258
2026-08-12T12:19:05+00:00,1.112074,1.112454,1.111973,1.112302,163
2026-08-12T12:20:05+00:00,1.112302,1.112469,1.112174,1.112216,289
2026-08-12T12:21:05+00:00,1.112216,1.112353,1.112190,1.112255,425
2026-08-12T12:22:05+00:00,1.112255,1.112281,1.112129,1.112221,131
2026-08-12T12:23:05+00:00,1.112221,1.112343,1.112107,1.112188,527
2026-08-12T12:24:05+00:00,1.112188,1.112293,1.111941,1.112110,218
2026-08-12T12:25:05+00:00,1.112110,1.112207,1.112025,1.112048,551
2026-08-12T12:26:05+00:00,1.112048,1.112100,1.111897,1.111959,281
2026-08-12T12:27:05+00:00,1.111959,1.112334,1.111937,1.112082,410
2026-08-12T12:28:05+00:00,1.112082,1.112653,1.111897,1.112350,253
2026-08-12T12:29:05+00:00,1.112350,1.112427,1.112181,1.112365,525
2026-08-12T12:30:05+00:00,1.112365,1.112366,1.112071,1.112240,254
2026-08-12T12:31:05+00:00,1.112240,1.112364,1.112054,1.112255,504
2026-08-12T12:32:05+00:00,1.112255,1.112539,1.112110,1.112458,536
2026-08-12T12:33:05+00:00,1.112458,1.112741,1.112418,1.112657,495
2026-08-12T12:34:05+00:00,1.112657,1.112698,1.112483,1.112517,152
2026-08-12T12:35:05+00:00,1.112517,1.112650,1.112276,1.112370,244
2026-08-12T12:36:05+00:00,1.112370,1.112429,1.112022,1.112268,188
2026-08-12T12:37:05+00:00,1.112268,1.112308,1.112232,1.112266,422
2026-08-12T12:38:05+00:00,1.112266,1.112546,1.112175,1.112381,170
2026-08-12T12:39:05+00:00,1.112381,1.112426,1.112316,1.112336,153
2026-08-12T12:40:05+00:00,1.112336,1.112466,1.112247,1.112398,200
2026-08-12T12:41:05+00:00,1.112398,1.112745,1.112236,1.112608,214
2026-08-12T12:42:05+00:00,1.112608,1.112658,1.112336,1.112422,261
2026-08-12T12:43:05+00:00,1.112422,1.112535,1.112333,1.112481,478
2026-08-12T12:44:05+00:00,1.112481,1.112553,1.112262,1.112441,192
2026-08-12T12:45:05+00:00,1.112441,1.112583,1.112164,1.112270,85
2026-08-12T12:46:05+00:00,1.112270,1.112435,1.112086,1.112392,530
2026-08-12T12:47:05+00:00,1.112392,1.112421,1.112323,1.112397,547
2026-08-12T12:48:05+00:00,1.112397,1.112472,1.112360,1.112377,175
2026-08-12T12:49:05+00:00,1.112377,1.112403,1.111614,1.111997,56
2026-08-12T12:50:05+00:00,1.111997,1.112013,1.111687,1.111843,64
2026-08-12T12:51:05+00:00,1.111843,1.111942,1.111599,1.111622,455
2026-08-12T12:52:05+00:00,1.111622,1.111974,1.111619,1.111708,112
2026-08-12T12:53:05+00:00,1.111708,1.111758,1.111539,1.111668,343
2026-08-12T12:54:05+00:00,1.111668,1.111736,1.111199,1.111526,122
2026-08-12T12:55:05+00:00,1.111526,1.111703,1.111125,1.111420,567
2026-08-12T12:56:05+00:00,1.111420,1.111702,1.111282,1.111607,81
2026-08-12T12:57:05+00:00,1.111607,1.111737,1.111474,1.111670,108
2026-08-12T12:58:05+00:00,1.111670,1.111724,1.111320,1.111374,529
2026-08-12T12:59:05+00:00,1.111374,1.111520,1.111019,1.111515,254
2026-08-12T13:00:05+00:00,1.111515,1.111711,1.111374,1.111484,473
2026-08-12T13:01:05+00:00,1.111484,1.111578,1.111285,1.111325,537
2026-08-12T13:02:05+00:00,1.111325,1.111327,1.110696,1.110958,339
2026-08-12T13:03:05+00:00,1.110958,1.111103,1.110695,1.110853,107
2026-08-12T13:04:05+00:00,1.110853,1.111122,1.110811,1.110955,118
2026-08-12T13:05:05+00:00,1.110955,1.111011,1.110815,1.110988,548
2026-08-12T13:06:05+00:00,1.110988,1.111013,1.110413,1.110583,175
2026-08-12T13:07:05+00:00,1.110583,1.110835,1.110277,1.110416,61
2026-08-12T13:08:05+00:00,1.110416,1.110505,1.110208,1.110277,383
2026-08-12T13:09:05+00:00,1.110277,1.110821,1.110072,1.110687,374
2026-08-12T13:10:05+00:00,1.110687,1.110712,1.110025,1.110233,175
2026-08-12T13:11:05+00:00,1.110233,1.110402,1.109576,1.110032,272
2026-08-12T13:12:05+00:00,1.110032,1.110098,1.109066,1.109292,506
2026-08-12T13:13:05+00:00,1.109292,1.109421,1.109107,1.109226,588
2026-08-12T13:14:05+00:00,1.109226,1.109952,1.108809,1.108953,197
2026-08-12T13:15:05+00:00,1.108953,1.109267,1.108200,1.108483,169
2026-08-12T13:16:05+00:00,1.108483,1.108533,1.108070,1.108126,392
2026-08-12T13:17:05+00:00,1.108126,1.108471,1.107516,1.107632,586
2026-08-12T13:18:05+00:00,1.107632,1.108045,1.107202,1.107311,509
2026-08-12T13:19:05+00:00,1.107311,1.107779,1.106472,1.107170,599
2026-08-12T13:20:05+00:00,1.107170,1.107295,1.106951,1.107258,190
2026-08-12T13:21:05+00:00,1.107258,1.107347,1.106489,1.107149,386
2026-08-12T13:22:05+00:00,1.107149,1.107633,1.106581,1.106842,355
2026-08-12T13:23:05+00:00,1.106842,1.107014,1.106788,1.106955,405
2026-08-12T13:24:05+00:00,1.106955,1.107004,1.106720,1.106882,324
2026-08-12T13:25:05+00:00,1.106882,1.107147,1.106481,1.106635,129
2026-08-12T13:26:05+00:00,1.106635,1.106791,1.106413,1.106756,97
2026-08-12T13:27:05+00:00,1.106756,1.106879,1.106256,1.106403,477
2026-08-12T13:28:05+00:00,1.106403,1.106532,1.105764,1.106065,129
2026-08-12T13:29:05+00:00,1.106065,1.106742,1.105887,1.106533,465
2026-08-12T13:30:05+00:00,1.106533,1.106780,1.106127,1.106454,464
2026-08-12T13:31:05+00:00,1.106454,1.106508,1.106210,1.106243,252
2026-08-12T13:32:05+00:00,1.106243,1.106943,1.105513,1.105808,424
2026-08-12T13:33:05+00:00,1.105808,1.106477,1.105645,1.106221,464
2026-08-12T13:34:05+00:00,1.106221,1.106480,1.106060,1.106209,430
2026-08-12T13:35:05+00:00,1.106209,1.106560,1.105934,1.105954,349
2026-08-12T13:36:05+00:00,1.105954,1.106144,1.105862,1.105921,42
2026-08-12T13:37:05+00:00,1.105921,1.105989,1.105569,1.105778,523
2026-08-12T13:38:05+00:00,1.105778,1.106118,1.105603,1.105922,290
2026-08-12T13:39:05+00:00,1.105922,1.106339,1.105781,1.106325,108
2026-08-12T13:40:05+00:00,1.106325,1.106456,1.105783,1.105951,527
2026-08-12T13:41:05+00:00,1.105951,1.106096,1.105563,1.105881,57
2026-08-12T13:42:05+00:00,1.105881,1.105943,1.105709,1.105820,178
2026-08-12T13:43:05+00:00,1.105820,1.106367,1.105758,1.106187,404
2026-08-12T13:44:05+00:00,1.106187,1.106417,1.106123,1.106237,136
2026-08-12T13:45:05+00:00,1.106237,1.106867,1.106038,1.106753,363
2026-08-12T13:46:05+00:00,1.106753,1.107345,1.106643,1.107098,138
2026-08-12T13:47:05+00:00,1.107098,1.107177,1.106759,1.106866,180
2026-08-12T13:48:05+00:00,1.106866,1.106891,1.106489,1.106755,144
2026-08-12T13:49:05+00:00,1.106755,1.107696,1.106749,1.107396,578
2026-08-12T13:50:05+00:00,1.107396,1.108132,1.107305,1.107778,118
2026-08-12T13:51:05+00:00,1.107778,1.107795,1.107647,1.107665,396
2026-08-12T13:52:05+00:00,1.107665,1.107972,1.107361,1.107715,390
2026-08-12T13:53:05+00:00,1.107715,1.107793,1.107415,1.107635,161
2026-08-12T13:54:05+00:00,1.107635,1.108117,1.107625,1.107859,173
2026-08-12T13:55:05+00:00,1.107859,1.108602,1.107613,1.108122,154
2026-08-12T13:56:05+00:00,1.108122,1.108842,1.108000,1.108628,565
2026-08-12T13:57:05+00:00,1.108628,1.109273,1.108534,1.108791,84
2026-08-12T13:58:05+00:00,1.108791,1.109396,1.108675,1.109243,250
2026-08-12T13:59:05+00:00,1.109243,1.109342,1.108551,1.108858,69
2026-08-12T14:00:05+00:00,1.108858,1.109655,1.108607,1.109357,204
2026-08-12T14:01:05+00:00,1.109357,1.109485,1.109001,1.109415,557
2026-08-12T14:02:05+00:00,1.109415,1.109485,1.109273,1.109445,236
2026-08-12T14:03:05+00:00,1.109445,1.109796,1.109038,1.109578,44
2026-08-12T14:04:05+00:00,1.109578,1.109801,1.109380,1.109792,415
2026-08-12T14:05:05+00:00,1.109792,1.110026,1.109495,1.109898,149
2026-08-12T14:06:05+00:00,1.109898,1.110223,1.109874,1.110093,155
2026-08-12T14:07:05+00:00,1.110093,1.110442,1.109867,1.110346,572
2026-08-12T14:08:05+00:00,1.110346,1.110938,1.110290,1.110676,375
2026-08-12T14:09:05+00:00,1.110676,1.110900,1.110556,1.110763,359
2026-08-12T14:10:05+00:00,1.110763,1.110968,1.110448,1.110727,478
2026-08-12T14:11:05+00:00,1.110727,1.111316,1.110640,1.111130,527
2026-08-12T14:12:05+00:00,1.111130,1.111423,1.111078,1.111396,445
2026-08-12T14:13:05+00:00,1.111396,1.111429,1.111204,1.111255,186
2026-08-12T14:14:05+00:00,1.111255,1.111470,1.111110,1.111136,212
2026-08-12T14:15:05+00:00,1.111136,1.111208,1.110851,1.110863,453
2026-08-12T14:16:05+00:00,1.110863,1.111435,1.110811,1.111194,319
2026-08-12T14:17:05+00:00,1.111194,1.111690,1.110776,1.111551,404
2026-08-12T14:18:05+00:00,1.111551,1.111578,1.111315,1.111418,505
2026-08-12T14:19:05+00:00,1.111418,1.111523,1.111322,1.111522,177
2026-08-12T14:20:05+00:00,1.111522,1.111931,1.111479,1.111874,223
2026-08-12T14:21:05+00:00,1.111874,1.111993,1.111812,1.111963,138
2026-08-12T14:22:05+00:00,1.111963,1.112270,1.111808,1.112066,340
2026-08-12T14:23:05+00:00,1.112066,1.112284,1.112059,1.112162,391
2026-08-12T14:24:05+00:00,1.112162,1.112395,1.112144,1.112320,161
2026-08-12T14:25:05+00:00,1.112320,1.112364,1.111827,1.111930,510
2026-08-12T14:26:05+00:00,1.111930,1.112132,1.111872,1.112110,208
2026-08-12T14:27:05+00:00,1.112110,1.112154,1.111216,1.111416,152
2026-08-12T14:28:05+00:00,1.111416,1.111564,1.110725,1.111058,200
2026-08-12T14:29:05+00:00,1.111058,1.111321,1.110751,1.110964,426
2026-08-12T14:30:05+00:00,1.110964,1.111236,1.110685,1.110730,86
2026-08-12T14:31:05+00:00,1.110730,1.111016,1.110493,1.110803,67
2026-08-12T14:32:05+00:00,1.110803,1.111202,1.110096,1.110849,461
2026-08-12T14:33:05+00:00,1.110849,1.111411,1.110692,1.111313,359
2026-08-12T14:34:05+00:00,1.111313,1.111504,1.110631,1.110680,60
2026-08-12T14:35:05+00:00,1.110680,1.111415,1.110575,1.110977,472
2026-08-12T14:36:05+00:00,1.110977,1.111177,1.110190,1.110290,364
2026-08-12T14:37:05+00:00,1.110290,1.110554,1.109628,1.109845,540
2026-08-12T14:38:05+00:00,1.109845,1.110502,1.109417,1.110280,387
2026-08-12T14:39:05+00:00,1.110280,1.110441,1.109767,1.110269,246
2026-08-12T14:40:05+00:00,1.110269,1.110284,1.109284,1.109556,334
2026-08-12T14:41:05+00:00,1.109556,1.109647,1.108869,1.109166,271
2026-08-12T14:42:05+00:00,1.109166,1.109870,1.108022,1.108490,319
2026-08-12T14:43:05+00:00,1.108490,1.108554,1.108056,1.108247,254
2026-08-12T14:44:05+00:00,1.108247,1.108393,1.107780,1.108157,592
2026-08-12T14:45:05+00:00,1.108157,1.108334,1.108041,1.108147,567
2026-08-12T14:46:05+00:00,1.108147,1.108259,1.107136,1.107489,231
2026-08-12T14:47:05+00:00,1.107489,1.107788,1.106545,1.107564,518
2026-08-12T14:48:05+00:00,1.107564,1.108235,1.106876,1.107497,101
2026-08-12T14:49:05+00:00,1.107497,1.107635,1.106594,1.106752,194
2026-08-12T14:50:05+00:00,1.106752,1.107613,1.105889,1.106736,105
2026-08-12T14:51:05+00:00,1.106736,1.107399,1.106456,1.107206,333
2026-08-12T14:52:05+00:00,1.107206,1.107466,1.106821,1.106995,236
2026-08-12T14:53:05+00:00,1.106995,1.107170,1.106833,1.107121,537
2026-08-12T14:54:05+00:00,1.107121,1.107302,1.106390,1.106654,179
2026-08-12T14:55:05+00:00,1.106654,1.106759,1.106495,1.106719,220
2026-08-12T14:56:05+00:00,1.106719,1.106837,1.106596,1.106631,125
2026-08-12T14:57:05+00:00,1.106631,1.106667,1.106351,1.106467,456
2026-08-12T14:58:05+00:00,1.106467,1.107609,1.105548,1.107066,183
2026-08-12T14:59:05+00:00,1.107066,1.107989,1.106907,1.107656,163
2026-08-12T15:00:05+00:00,1.107656,1.107825,1.106237,1.106689,132
2026-08-12T15:01:05+00:00,1.106689,1.107112,1.106113,1.106521,377
2026-08-12T15:02:05+00:00,1.106521,1.107812,1.106468,1.106955,263
2026-08-12T15:03:05+00:00,1.106955,1.107300,1.105002,1.105682,490
2026-08-12T15:04:05+00:00,1.105682,1.105951,1.104383,1.104760,155
2026-08-12T15:05:05+00:00,1.104760,1.105274,1.104311,1.104579,324
2026-08-12T15:06:05+00:00,1.104579,1.106211,1.104415,1.105546,61
2026-08-12T15:07:05+00:00,1.105546,1.105670,1.104423,1.104507,95
2026-08-12T15:08:05+00:00,1.104507,1.105093,1.103844,1.104135,411
2026-08-12T15:09:05+00:00,1.104135,1.104482,1.103163,1.103971,282
2026-08-12T15:10:05+00:00,1.103971,1.104896,1.102412,1.104338,301
2026-08-12T15:11:05+00:00,1.104338,1.105987,1.104076,1.105366,344
2026-08-12T15:12:05+00:00,1.105366,1.107181,1.104337,1.105678,456
2026-08-12T15:13:05+00:00,1.105678,1.105719,1.104488,1.104760,543
2026-08-12T15:14:05+00:00,1.104760,1.104892,1.103845,1.104139,142
2026-08-12T15:15:05+00:00,1.104139,1.104405,1.102115,1.102906,400
2026-08-12T15:16:05+00:00,1.102906,1.103332,1.101632,1.102027,93
2026-08-12T15:17:05+00:00,1.102027,1.103142,1.101426,1.102876,179
2026-08-12T15:18:05+00:00,1.102876,1.103299,1.102695,1.103293,295
2026-08-12T15:19:05+00:00,1.103293,1.103562,1.102696,1.103180,460
2026-08-12T15:20:05+00:00,1.103180,1.103364,1.103165,1.103183,375
2026-08-12T15:21:05+00:00,1.103183,1.103278,1.102645,1.102928,226
2026-08-12T15:22:05+00:00,1.102928,1.103107,1.102620,1.102675,63
2026-08-12T15:23:05+00:00,1.102675,1.102942,1.102240,1.102595,131
2026-08-12T15:24:05+00:00,1.102595,1.102736,1.102464,1.102707,479
2026-08-12T15:25:05+00:00,1.102707,1.103237,1.102217,1.102878,214
2026-08-12T15:26:05+00:00,1.102878,1.102986,1.102325,1.102942,504
2026-08-12T15:27:05+00:00,1.102942,1.103322,1.102935,1.103114,248
2026-08-12T15:28:05+00:00,1.103114,1.103762,1.103036,1.103242,173
2026-08-12T15:29:05+00:00,1.103242,1.103511,1.103109,1.103474,329
2026-08-12T15:30:05+00:00,1.103474,1.103565,1.103386,1.103395,308
2026-08-12T15:31:05+00:00,1.103395,1.103505,1.103246,1.103281,509
2026-08-12T15:32:05+00:00,1.103281,1.103636,1.102989,1.103467,257
2026-08-12T15:33:05+00:00,1.103467,1.103575,1.102968,1.103373,302
2026-08-12T15:34:05+00:00,1.103373,1.103660,1.103261,1.103598,402
2026-08-12T15:35:05+00:00,1.103598,1.104360,1.103125,1.103430,86
2026-08-12T15:36:05+00:00,1.103430,1.103669,1.103168,1.103661,175
2026-08-12T15:37:05+00:00,1.103661,1.104031,1.103414,1.103560,306
2026-08-12T15:38:05+00:00,1.103560,1.103808,1.103489,1.103640,583
2026-08-12T15:39:05+00:00,1.103640,1.103650,1.103451,1.103609,170
2026-08-12T15:40:05+00:00,1.103609,1.103611,1.102842,1.102943,309
2026-08-12T15:41:05+00:00,1.102943,1.103089,1.102776,1.103077,360
2026-08-12T15:42:05+00:00,1.103077,1.103133,1.102328,1.102906,490
2026-08-12T15:43:05+00:00,1.102906,1.102948,1.102830,1.102887,76
2026-08-12T15:44:05+00:00,1.102887,1.102906,1.102432,1.102712,546
2026-08-12T15:45:05+00:00,1.102712,1.103057,1.102598,1.102966,536
2026-08-12T15:46:05+00:00,1.102966,1.102994,1.102700,1.102822,248
2026-08-12T15:47:05+00:00,1.102822,1.102992,1.102688,1.102929,560
2026-08-12T15:48:05+00:00,1.102929,1.103232,1.102763,1.103000,44
2026-08-12T15:49:05+00:00,1.103000,1.103799,1.102922,1.103637,118
2026-08-12T15:50:05+00:00,1.103637,1.103748,1.103563,1.103599,164
2026-08-12T15:51:05+00:00,1.103599,1.103995,1.103408,1.103695,371
2026-08-12T15:52:05+00:00,1.103695,1.103771,1.103567,1.103698,315
2026-08-12T15:53:05+00:00,1.103698,1.104154,1.103469,1.103486,503
2026-08-12T15:54:05+00:00,1.103486,1.103764,1.103072,1.103312,256
2026-08-12T15:55:05+00:00,1.103312,1.103367,1.103050,1.103212,96
2026-08-12T15:56:05+00:00,1.103212,1.103419,1.103060,1.103165,285
2026-08-12T15:57:05+00:00,1.103165,1.103262,1.103095,1.103200,253
2026-08-12T15:58:05+00:00,1.103200,1.103479,1.103197,1.103315,163
2026-08-12T15:59:05+00:00,1.103315,1.103372,1.102866,1.103038,357
2026-08-12T16:00:05+00:00,1.103038,1.103275,1.102945,1.103184,244
2026-08-12T16:01:05+00:00,1.103184,1.103351,1.103083,1.103236,473
2026-08-12T16:02:05+00:00,1.103236,1.103405,1.103172,1.103340,135
2026-08-12T16:03:05+00:00,1.103340,1.103548,1.103277,1.103507,269
2026-08-12T16:04:05+00:00,1.103507,1.103746,1.103060,1.103329,125
2026-08-12T16:05:05+00:00,1.103329,1.103529,1.103176,1.103259,529
2026-08-12T16:06:05+00:00,1.103259,1.103671,1.103058,1.103093,477
2026-08-12T16:07:05+00:00,1.103093,1.103203,1.103082,1.103166,86
2026-08-12T16:08:05+00:00,1.103166,1.103178,1.102788,1.102962,299
2026-08-12T16:09:05+00:00,1.102962,1.103132,1.102871,1.102981,56
2026-08-12T16:10:05+00:00,1.102981,1.103184,1.102948,1.103107,125
2026-08-12T16:11:05+00:00,1.103107,1.103231,1.103016,1.103205,505
2026-08-12T16:12:05+00:00,1.103205,1.103377,1.102989,1.103181,231
2026-08-12T16:13:05+00:00,1.103181,1.103618,1.103071,1.103412,305
2026-08-12T16:14:05+00:00,1.103412,1.103469,1.103351,1.103427,215
2026-08-12T16:15:05+00:00,1.103427,1.103563,1.103365,1.103399,538
2026-08-12T16:16:05+00:00,1.103399,1.103628,1.103162,1.103286,444
2026-08-12T16:17:05+00:00,1.103286,1.103358,1.102880,1.102924,235
2026-08-12T16:18:05+00:00,1.102924,1.102944,1.102835,1.102912,188
2026-08-12T16:19:05+00:00,1.102912,1.103089,1.102731,1.102807,591
2026-08-12T16:20:05+00:00,1.102807,1.102910,1.102783,1.102819,210
2026-08-12T16:21:05+00:00,1.102819,1.102832,1.102608,1.102793,536
2026-08-12T16:22:05+00:00,1.102793,1.102840,1.102432,1.102484,441
2026-08-12T16:23:05+00:00,1.102484,1.102721,1.102480,1.102630,482
2026-08-12T16:24:05+00:00,1.102630,1.102917,1.102468,1.102878,337
2026-08-12T16:25:05+00:00,1.102878,1.102940,1.102695,1.102740,539
2026-08-12T16:26:05+00:00,1.102740,1.102762,1.102643,1.102713,314
2026-08-12T16:27:05+00:00,1.102713,1.102892,1.102489,1.102592,546
2026-08-12T16:28:05+00:00,1.102592,1.102715,1.102333,1.102400,236
2026-08-12T16:29:05+00:00,1.102400,1.102889,1.102380,1.102488,387
2026-08-12T16:30:05+00:00,1.102488,1.103527,1.101669,1.103155,439
2026-08-12T16:31:05+00:00,1.103155,1.103685,1.102512,1.103315,408
2026-08-12T16:32:05+00:00,1.103315,1.104315,1.103043,1.103519,128
2026-08-12T16:33:05+00:00,1.103519,1.103706,1.103093,1.103289,543
2026-08-12T16:34:05+00:00,1.103289,1.103964,1.103168,1.103635,88
2026-08-12T16:35:05+00:00,1.103635,1.104176,1.103305,1.103908,202
2026-08-12T16:36:05+00:00,1.103908,1.104941,1.103791,1.104295,156
2026-08-12T16:37:05+00:00,1.104295,1.104511,1.103718,1.103923,304
2026-08-12T16:38:05+00:00,1.103923,1.104737,1.103845,1.104703,194
2026-08-12T16:39:05+00:00,1.104703,1.105209,1.103615,1.104129,146
2026-08-12T16:40:05+00:00,1.104129,1.104936,1.103164,1.103843,153
2026-08-12T16:41:05+00:00,1.103843,1.104246,1.103035,1.104084,144
2026-08-12T16:42:05+00:00,1.104084,1.104208,1.103755,1.104146,410
2026-08-12T16:43:05+00:00,1.104146,1.104221,1.103152,1.103427,558
2026-08-12T16:44:05+00:00,1.103427,1.103433,1.102100,1.102424,165
2026-08-12T16:45:05+00:00,1.102424,1.103694,1.102197,1.103129,46
2026-08-12T16:46:05+00:00,1.103129,1.103817,1.102976,1.103157,421
2026-08-12T16:47:05+00:00,1.103157,1.103817,1.102760,1.103150,291
2026-08-12T16:48:05+00:00,1.103150,1.104226,1.103048,1.103663,463
2026-08-12T16:49:05+00:00,1.103663,1.105923,1.102693,1.104621,568
2026-08-12T16:50:05+00:00,1.104621,1.104976,1.104601,1.104764,569
2026-08-12T16:51:05+00:00,1.104764,1.105344,1.104459,1.104826,208
2026-08-12T16:52:05+00:00,1.104826,1.104924,1.104191,1.104313,99
2026-08-12T16:53:05+00:00,1.104313,1.105605,1.103999,1.104162,572
2026-08-12T16:54:05+00:00,1.104162,1.104874,1.103736,1.104752,361
2026-08-12T16:55:05+00:00,1.104752,1.105324,1.103598,1.103626,580
2026-08-12T16:56:05+00:00,1.103626,1.103788,1.102792,1.103372,492
2026-08-12T16:57:05+00:00,1.103372,1.104181,1.101708,1.102398,454
2026-08-12T16:58:05+00:00,1.102398,1.103174,1.102122,1.102594,169
2026-08-12T16:59:05+00:00,1.102594,1.102945,1.102362,1.102454,563
2026-08-12T17:00:05+00:00,1.102454,1.102709,1.101671,1.101755,592
2026-08-12T17:01:05+00:00,1.101755,1.101931,1.100770,1.101878,472
2026-08-12T17:02:05+00:00,1.101878,1.102186,1.101604,1.102175,402
2026-08-12T17:03:05+00:00,1.102175,1.102829,1.101421,1.102798,499
2026-08-12T17:04:05+00:00,1.102798,1.103582,1.101592,1.102496,586
2026-08-12T17:05:05+00:00,1.102496,1.102558,1.101767,1.102375,183
2026-08-12T17:06:05+00:00,1.102375,1.102836,1.101964,1.102206,409
2026-08-12T17:07:05+00:00,1.102206,1.103263,1.101781,1.102939,461
2026-08-12T17:08:05+00:00,1.102939,1.103268,1.102128,1.103135,418
2026-08-12T17:09:05+00:00,1.103135,1.103902,1.102669,1.103237,444
2026-08-12T17:10:05+00:00,1.103237,1.104399,1.102302,1.103815,541
2026-08-12T17:11:05+00:00,1.103815,1.104159,1.103596,1.103794,557
2026-08-12T17:12:05+00:00,1.103794,1.104849,1.103612,1.104484,160
2026-08-12T17:13:05+00:00,1.104484,1.104642,1.103240,1.103286,200
2026-08-12T17:14:05+00:00,1.103286,1.104107,1.102641,1.103848,163
2026-08-12T17:15:05+00:00,1.103848,1.103984,1.102932,1.103469,160
2026-08-12T17:16:05+00:00,1.103469,1.103644,1.103445,1.103636,471
2026-08-12T17:17:05+00:00,1.103636,1.103779,1.103419,1.103531,260
2026-08-12T17:18:05+00:00,1.103531,1.103778,1.103503,1.103661,85
2026-08-12T17:19:05+00:00,1.103661,1.103834,1.103554,1.103640,385
2026-08-12T17:20:05+00:00,1.103640,1.103906,1.103372,1.103682,556
2026-08-12T17:21:05+00:00,1.103682,1.103703,1.103211,1.103484,192
2026-08-12T17:22:05+00:00,1.103484,1.103735,1.103374,1.103596,278
2026-08-12T17:23:05+00:00,1.103596,1.103632,1.103373,1.103432,493
2026-08-12T17:24:05+00:00,1.103432,1.103743,1.103333,1.103408,356
2026-08-12T17:25:05+00:00,1.103408,1.103558,1.103032,1.103180,237
2026-08-12T17:26:05+00:00,1.103180,1.103463,1.102952,1.103395,527
2026-08-12T17:27:05+00:00,1.103395,1.103615,1.103312,1.103338,584
2026-08-12T17:28:05+00:00,1.103338,1.103387,1.103329,1.103353,494
2026-08-12T17:29:05+00:00,1.103353,1.103693,1.103338,1.103622,86
2026-08-12T17:30:05+00:00,1.103622,1.103637,1.103216,1.103227,580
2026-08-12T17:31:05+00:00,1.103227,1.103263,1.103170,1.103260,141
2026-08-12T17:32:05+00:00,1.103260,1.103280,1.103124,1.103130,457
2026-08-12T17:33:05+00:00,1.103130,1.103519,1.102886,1.103037,225
2026-08-12T17:34:05+00:00,1.103037,1.103098,1.102984,1.103091,371
2026-08-12T17:35:05+00:00,1.103091,1.103436,1.103015,1.103238,93
2026-08-12T17:36:05+00:00,1.103238,1.103541,1.102999,1.103313,434
2026-08-12T17:37:05+00:00,1.103313,1.103344,1.103148,1.103324,456
2026-08-12T17:38:05+00:00,1.103324,1.103371,1.103300,1.103357,143
2026-08-12T17:39:05+00:00,1.103357,1.103507,1.103289,1.103343,351
2026-08-12T17:40:05+00:00,1.103343,1.103418,1.102910,1.103201,185
2026-08-12T17:41:05+00:00,1.103201,1.103381,1.103184,1.103201,590
2026-08-12T17:42:05+00:00,1.103201,1.103630,1.102981,1.103537,336
2026-08-12T17:43:05+00:00,1.103537,1.103625,1.103496,1.103601,533
2026-08-12T17:44:05+00:00,1.103601,1.103703,1.103328,1.103587,257
2026-08-12T17:45:05+00:00,1.103587,1.103624,1.103583,1.103585,586
2026-08-12T17:46:05+00:00,1.103585,1.103617,1.103447,1.103485,326
2026-08-12T17:47:05+00:00,1.103485,1.103577,1.103313,1.103534,365
2026-08-12T17:48:05+00:00,1.103534,1.103950,1.103346,1.103757,319
2026-08-12T17:49:05+00:00,1.103757,1.103826,1.103725,1.103732,510
2026-08-12T17:50:05+00:00,1.103732,1.103869,1.103511,1.103836,527
2026-08-12T17:51:05+00:00,1.103836,1.104064,1.103834,1.104035,540
2026-08-12T17:52:05+00:00,1.104035,1.104207,1.104004,1.104046,71
2026-08-12T17:53:05+00:00,1.104046,1.104107,1.103872,1.104009,166
2026-08-12T17:54:05+00:00,1.104009,1.104199,1.103833,1.103884,48
2026-08-12T17:55:05+00:00,1.103884,1.103964,1.103856,1.103938,49
2026-08-12T17:56:05+00:00,1.103938,1.103957,1.103878,1.103942,132
2026-08-12T17:57:05+00:00,1.103942,1.104103,1.103732,1.103893,266
2026-08-12T17:58:05+00:00,1.103893,1.103998,1.103860,1.103906,254
2026-08-12T17:59:05+00:00,1.103906,1.104200,1.103899,1.104137,153
2026-08-12T18:00:05+00:00,1.104137,1.104137,1.104064,1.104071,219
2026-08-12T18:01:05+00:00,1.104071,1.104084,1.103897,1.103910,305
2026-08-12T18:02:05+00:00,1.103910,1.104207,1.103896,1.104104,63
2026-08-12T18:03:05+00:00,1.104104,1.104164,1.103857,1.104018,298
2026-08-12T18:04:05+00:00,1.104018,1.104100,1.103866,1.103924,93
2026-08-12T18:05:05+00:00,1.103924,1.104104,1.103705,1.103996,456
2026-08-12T18:06:05+00:00,1.103996,1.104129,1.103874,1.103971,269
2026-08-12T18:07:05+00:00,1.103971,1.104164,1.103942,1.104112,363
2026-08-12T18:08:05+00:00,1.104112,1.104185,1.104101,1.104184,271
2026-08-12T18:09:05+00:00,1.104184,1.104234,1.104147,1.104173,295
2026-08-12T18:10:05+00:00,1.104173,1.104249,1.104165,1.104206,482
2026-08-12T18:11:05+00:00,1.104206,1.104356,1.104089,1.104187,382
2026-08-12T18:12:05+00:00,1.104187,1.104293,1.104014,1.104233,381
2026-08-12T18:13:05+00:00,1.104233,1.104237,1.104138,1.104177,489
2026-08-12T18:14:05+00:00,1.104177,1.104343,1.104144,1.104192,74
2026-08-12T18:15:05+00:00,1.104192,1.104318,1.104105,1.104213,170
2026-08-12T18:16:05+00:00,1.104213,1.104453,1.104169,1.104415,144
2026-08-12T18:17:05+00:00,1.104415,1.104512,1.104294,1.104331,430
2026-08-12T18:18:05+00:00,1.104331,1.104409,1.104078,1.104190,50
2026-08-12T18:19:05+00:00,1.104190,1.104296,1.103997,1.104021,143
2026-08-12T18:20:05+00:00,1.104021,1.104307,1.103736,1.103858,237
2026-08-12T18:21:05+00:00,1.103858,1.103995,1.103850,1.103892,238
2026-08-12T18:22:05+00:00,1.103892,1.103983,1.103810,1.103949,495
2026-08-12T18:23:05+00:00,1.103949,1.104088,1.103931,1.104073,170
2026-08-12T18:24:05+00:00,1.104073,1.104248,1.104012,1.104017,594
2026-08-12T18:25:05+00:00,1.104017,1.104097,1.103787,1.103894,391
2026-08-12T18:26:05+00:00,1.103894,1.104215,1.103757,1.103796,283
2026-08-12T18:27:05+00:00,1.103796,1.103923,1.103512,1.103727,472
2026-08-12T18:28:05+00:00,1.103727,1.104061,1.103482,1.103498,233
2026-08-12T18:29:05+00:00,1.103498,1.103701,1.103090,1.103553,379
2026-08-12T18:30:05+00:00,1.103553,1.103787,1.103523,1.103673,147
2026-08-12T18:31:05+00:00,1.103673,1.103817,1.103637,1.103808,264
2026-08-12T18:32:05+00:00,1.103808,1.104123,1.103696,1.104009,532
2026-08-12T18:33:05+00:00,1.104009,1.104182,1.103964,1.104033,424
2026-08-12T18:34:05+00:00,1.104033,1.104194,1.103978,1.104062,70
2026-08-12T18:35:05+00:00,1.104062,1.104215,1.103935,1.104113,408
2026-08-12T18:36:05+00:00,1.104113,1.104160,1.104018,1.104153,218
2026-08-12T18:37:05+00:00,1.104153,1.104547,1.104127,1.104475,62
2026-08-12T18:38:05+00:00,1.104475,1.104597,1.104452,1.104536,153
2026-08-12T18:39:05+00:00,1.104536,1.104571,1.104317,1.104452,418
2026-08-12T18:40:05+00:00,1.104452,1.104858,1.103673,1.104549,484
2026-08-12T18:41:05+00:00,1.104549,1.104661,1.104409,1.104457,173
2026-08-12T18:42:05+00:00,1.104457,1.104577,1.104327,1.104491,290
2026-08-12T18:43:05+00:00,1.104491,1.104696,1.104186,1.104671,588
2026-08-12T18:44:05+00:00,1.104671,1.104735,1.104576,1.104642,169
2026-08-12T18:45:05+00:00,1.104642,1.105096,1.104438,1.104529,254
2026-08-12T18:46:05+00:00,1.104529,1.104900,1.104384,1.104481,437
2026-08-12T18:47:05+00:00,1.104481,1.104634,1.104207,1.104404,550
2026-08-12T18:48:05+00:00,1.104404,1.104419,1.104052,1.104282,546
2026-08-12T18:49:05+00:00,1.104282,1.104484,1.104133,1.104246,77
2026-08-12T18:50:05+00:00,1.104246,1.104683,1.104235,1.104357,475
2026-08-12T18:51:05+00:00,1.104357,1.104998,1.104116,1.104496,423
2026-08-12T18:52:05+00:00,1.104496,1.104586,1.104421,1.104494,275
2026-08-12T18:53:05+00:00,1.104494,1.104976,1.104438,1.104725,476
2026-08-12T18:54:05+00:00,1.104725,1.104772,1.104406,1.104522,65
2026-08-12T18:55:05+00:00,1.104522,1.104541,1.104361,1.104525,407
2026-08-12T18:56:05+00:00,1.104525,1.104744,1.104459,1.104661,323
2026-08-12T18:57:05+00:00,1.104661,1.104738,1.104583,1.104638,79
2026-08-12T18:58:05+00:00,1.104638,1.104689,1.104465,1.104465,321
2026-08-12T18:59:05+00:00,1.104465,1.104844,1.104427,1.104795,596
2026-08-12T19:00:05+00:00,1.104795,1.104826,1.104693,1.104817,453
2026-08-12T19:01:05+00:00,1.104817,1.105797,1.103765,1.103838,192
2026-08-12T19:02:05+00:00,1.103838,1.104485,1.103719,1.104134,519
2026-08-12T19:03:05+00:00,1.104134,1.105686,1.103858,1.104570,360
2026-08-12T19:04:05+00:00,1.104570,1.105606,1.103855,1.104938,70
2026-08-12T19:05:05+00:00,1.104938,1.105470,1.104828,1.105262,49
2026-08-12T19:06:05+00:00,1.105262,1.105263,1.104304,1.104374,453
2026-08-12T19:07:05+00:00,1.104374,1.105200,1.103862,1.104999,63
2026-08-12T19:08:05+00:00,1.104999,1.105032,1.103867,1.104861,440
2026-08-12T19:09:05+00:00,1.104861,1.105074,1.103869,1.104591,587
2026-08-12T19:10:05+00:00,1.104591,1.104892,1.103527,1.104090,351
2026-08-12T19:11:05+00:00,1.104090,1.104371,1.103679,1.103895,72
2026-08-12T19:12:05+00:00,1.103895,1.104545,1.103727,1.104254,435
2026-08-12T19:13:05+00:00,1.104254,1.105488,1.103715,1.105430,111
2026-08-12T19:14:05+00:00,1.105430,1.105492,1.104687,1.104919,440
2026-08-12T19:15:05+00:00,1.104919,1.106267,1.104683,1.105984,529
2026-08-12T19:16:05+00:00,1.105984,1.106635,1.105603,1.105961,357
2026-08-12T19:17:05+00:00,1.105961,1.107117,1.105499,1.106998,357
2026-08-12T19:18:05+00:00,1.106998,1.107327,1.106459,1.106469,186
2026-08-12T19:19:05+00:00,1.106469,1.106786,1.105967,1.106532,292
2026-08-12T19:20:05+00:00,1.106532,1.106747,1.104663,1.105431,133
2026-08-12T19:21:05+00:00,1.105431,1.105860,1.105184,1.105593,344
2026-08-12T19:22:05+00:00,1.105593,1.106266,1.104575,1.104885,482
2026-08-12T19:23:05+00:00,1.104885,1.105250,1.104752,1.105039,137
2026-08-12T19:24:05+00:00,1.105039,1.105476,1.103982,1.104142,590
2026-08-12T19:25:05+00:00,1.104142,1.104555,1.103632,1.103871,262
2026-08-12T19:26:05+00:00,1.103871,1.104544,1.103527,1.104267,147
2026-08-12T19:27:05+00:00,1.104267,1.104636,1.103880,1.104563,208
2026-08-12T19:28:05+00:00,1.104563,1.104990,1.104059,1.104554,512
2026-08-12T19:29:05+00:00,1.104554,1.104866,1.103923,1.104850,446
2026-08-12T19:30:05+00:00,1.104850,1.105242,1.104420,1.105163,515
2026-08-12T19:31:05+00:00,1.105163,1.106032,1.104980,1.105633,288
2026-08-12T19:32:05+00:00,1.105633,1.105985,1.105497,1.105533,58
2026-08-12T19:33:05+00:00,1.105533,1.105854,1.105357,1.105767,440
2026-08-12T19:34:05+00:00,1.105767,1.106267,1.105742,1.106056,222
2026-08-12T19:35:05+00:00,1.106056,1.106809,1.105982,1.106471,261
2026-08-12T19:36:05+00:00,1.106471,1.106512,1.105817,1.106359,145
2026-08-12T19:37:05+00:00,1.106359,1.106392,1.106193,1.106280,44
2026-08-12T19:38:05+00:00,1.106280,1.106687,1.106279,1.106624,244
2026-08-12T19:39:05+00:00,1.106624,1.107892,1.106373,1.107424,385
2026-08-12T19:40:05+00:00,1.107424,1.107883,1.107352,1.107658,211
2026-08-12T19:41:05+00:00,1.107658,1.108090,1.107494,1.107616,374
2026-08-12T19:42:05+00:00,1.107616,1.108044,1.107086,1.107398,478
2026-08-12T19:43:05+00:00,1.107398,1.107436,1.107095,1.107258,217
2026-08-12T19:44:05+00:00,1.107258,1.107780,1.107234,1.107760,325
2026-08-12T19:45:05+00:00,1.107760,1.108082,1.107667,1.107996,263
2026-08-12T19:46:05+00:00,1.107996,1.108259,1.107043,1.107501,215
2026-08-12T19:47:05+00:00,1.107501,1.107657,1.107363,1.107468,437
2026-08-12T19:48:05+00:00,1.107468,1.108306,1.106827,1.107071,365
2026-08-12T19:49:05+00:00,1.107071,1.107571,1.106930,1.107489,58
2026-08-12T19:50:05+00:00,1.107489,1.107700,1.107024,1.107140,53
2026-08-12T19:51:05+00:00,1.107140,1.107468,1.106655,1.106950,356
2026-08-12T19:52:05+00:00,1.106950,1.107202,1.106849,1.106980,550
2026-08-12T19:53:05+00:00,1.106980,1.107159,1.106855,1.107069,78
2026-08-12T19:54:05+00:00,1.107069,1.107822,1.106217,1.107111,177
2026-08-12T19:55:05+00:00,1.107111,1.107592,1.106812,1.107356,573
2026-08-12T19:56:05+00:00,1.107356,1.107845,1.107355,1.107450,379
2026-08-12T19:57:05+00:00,1.107450,1.107473,1.107116,1.107196,294
2026-08-12T19:58:05+00:00,1.107196,1.107684,1.107015,1.107371,227
2026-08-12T19:59:05+00:00,1.107371,1.107952,1.107034,1.107057,111
2026-08-12T20:00:05+00:00,1.107057,1.107215,1.106830,1.107171,217
2026-08-12T20:01:05+00:00,1.107171,1.107563,1.106399,1.107098,281
2026-08-12T20:02:05+00:00,1.107098,1.107114,1.106597,1.106702,474
2026-08-12T20:03:05+00:00,1.106702,1.106732,1.106587,1.106706,246
2026-08-12T20:04:05+00:00,1.106706,1.106850,1.106484,1.106566,211
2026-08-12T20:05:05+00:00,1.106566,1.106746,1.106342,1.106437,483
2026-08-12T20:06:05+00:00,1.106437,1.106812,1.106160,1.106358,125
2026-08-12T20:07:05+00:00,1.106358,1.106597,1.106150,1.106278,196
2026-08-12T20:08:05+00:00,1.106278,1.106307,1.106023,1.106063,532
2026-08-12T20:09:05+00:00,1.106063,1.106171,1.105987,1.106105,198
2026-08-12T20:10:05+00:00,1.106105,1.106115,1.105985,1.106012,454
2026-08-12T20:11:05+00:00,1.106012,1.106621,1.105470,1.105710,422
2026-08-12T20:12:05+00:00,1.105710,1.105860,1.104975,1.105467,167
2026-08-12T20:13:05+00:00,1.105467,1.105633,1.105426,1.105540,486
2026-08-12T20:14:05+00:00,1.105540,1.105878,1.105332,1.105774,417
2026-08-12T20:15:05+00:00,1.105774,1.106225,1.105363,1.105931,292
2026-08-12T20:16:05+00:00,1.105931,1.105996,1.105560,1.105813,191
2026-08-12T20:17:05+00:00,1.105813,1.106019,1.105386,1.105445,300
2026-08-12T20:18:05+00:00,1.105445,1.105742,1.105265,1.105325,134
2026-08-12T20:19:05+00:00,1.105325,1.105522,1.105182,1.105296,122
2026-08-12T20:20:05+00:00,1.105296,1.105309,1.104949,1.105016,349
2026-08-12T20:21:05+00:00,1.105016,1.105430,1.104637,1.104725,355
2026-08-12T20:22:05+00:00,1.104725,1.105221,1.104453,1.104551,392
2026-08-12T20:23:05+00:00,1.104551,1.104574,1.104140,1.104330,447
2026-08-12T20:24:05+00:00,1.104330,1.104344,1.104122,1.104184,467
2026-08-12T20:25:05+00:00,1.104184,1.104386,1.103755,1.104051,214
2026-08-12T20:26:05+00:00,1.104051,1.104127,1.103826,1.103983,152
2026-08-12T20:27:05+00:00,1.103983,1.104036,1.103744,1.103867,100
2026-08-12T20:28:05+00:00,1.103867,1.104140,1.103420,1.103722,491
2026-08-12T20:29:05+00:00,1.103722,1.104088,1.103156,1.103519,210
2026-08-12T20:30:05+00:00,1.103519,1.103547,1.103440,1.103471,280
2026-08-12T20:31:05+00:00,1.103471,1.103519,1.103257,1.103348,102
2026-08-12T20:32:05+00:00,1.103348,1.104024,1.103110,1.103130,256
2026-08-12T20:33:05+00:00,1.103130,1.103455,1.102886,1.102900,312
2026-08-12T20:34:05+00:00,1.102900,1.103125,1.102731,1.103034,391
2026-08-12T20:35:05+00:00,1.103034,1.103385,1.102208,1.102995,448
2026-08-12T20:36:05+00:00,1.102995,1.103043,1.102727,1.102772,507
2026-08-12T20:37:05+00:00,1.102772,1.103289,1.102363,1.102730,182
2026-08-12T20:38:05+00:00,1.102730,1.102750,1.102322,1.102717,294
2026-08-12T20:39:05+00:00,1.102717,1.102942,1.102211,1.102417,526
2026-08-12T20:40:05+00:00,1.102417,1.102433,1.101666,1.101844,369
2026-08-12T20:41:05+00:00,1.101844,1.101867,1.101139,1.101167,373
2026-08-12T20:42:05+00:00,1.101167,1.101324,1.100890,1.100918,396
2026-08-12T20:43:05+00:00,1.100918,1.101390,1.100037,1.100254,142
2026-08-12T20:44:05+00:00,1.100254,1.100390,1.099949,1.100073,556
2026-08-12T20:45:05+00:00,1.100073,1.100239,1.100072,1.100187,518
2026-08-12T20:46:05+00:00,1.100187,1.100323,1.100127,1.100183,256
2026-08-12T20:47:05+00:00,1.100183,1.100412,1.099763,1.099847,148
2026-08-12T20:48:05+00:00,1.099847,1.099944,1.098979,1.099279,327
2026-08-12T20:49:05+00:00,1.099279,1.099288,1.098670,1.098861,166
2026-08-12T20:50:05+00:00,1.098861,1.099392,1.097902,1.098386,380
2026-08-12T20:51:05+00:00,1.098386,1.098898,1.098024,1.098258,106
2026-08-12T20:52:05+00:00,1.098258,1.098479,1.097914,1.097939,487
2026-08-12T20:53:05+00:00,1.097939,1.097964,1.097368,1.097520,129
2026-08-12T20:54:05+00:00,1.097520,1.097709,1.097290,1.097560,416
2026-08-12T20:55:05+00:00,1.097560,1.098060,1.097435,1.098008,41
2026-08-12T20:56:05+00:00,1.098008,1.098197,1.097605,1.097727,413
2026-08-12T20:57:05+00:00,1.097727,1.097902,1.097665,1.097762,267
2026-08-12T20:58:05+00:00,1.097762,1.097787,1.097419,1.097645,343
2026-08-12T20:59:05+00:00,1.097645,1.098268,1.097645,1.097939,330
2026-08-12T21:00:05+00:00,1.097939,1.098365,1.097826,1.098028,356
2026-08-12T21:01:05+00:00,1.098028,1.098093,1.097405,1.097564,529
2026-08-12T21:02:05+00:00,1.097564,1.097648,1.097253,1.097309,381
2026-08-12T21:03:05+00:00,1.097309,1.097362,1.096907,1.097157,270
2026-08-12T21:04:05+00:00,1.097157,1.097246,1.096858,1.097000,441
2026-08-12T21:05:05+00:00,1.097000,1.097256,1.096678,1.097117,203
2026-08-12T21:06:05+00:00,1.097117,1.097244,1.096943,1.097054,113
2026-08-12T21:07:05+00:00,1.097054,1.097432,1.096750,1.097368,239
2026-08-12T21:08:05+00:00,1.097368,1.097539,1.097281,1.097406,95
2026-08-12T21:09:05+00:00,1.097406,1.097953,1.097129,1.097881,207
2026-08-12T21:10:05+00:00,1.097881,1.097973,1.097693,1.097792,240
2026-08-12T21:11:05+00:00,1.097792,1.098188,1.097771,1.097822,144
2026-08-12T21:12:05+00:00,1.097822,1.098124,1.097551,1.097664,212
2026-08-12T21:13:05+00:00,1.097664,1.098279,1.097272,1.097710,223
2026-08-12T21:14:05+00:00,1.097710,1.097947,1.097612,1.097918,192
2026-08-12T21:15:05+00:00,1.097918,1.098250,1.097889,1.098208,286
2026-08-12T21:16:05+00:00,1.098208,1.098302,1.098042,1.098183,131
2026-08-12T21:17:05+00:00,1.098183,1.098773,1.097953,1.098570,321
2026-08-12T21:18:05+00:00,1.098570,1.098632,1.098506,1.098536,561
2026-08-12T21:19:05+00:00,1.098536,1.098983,1.098364,1.098701,531
2026-08-12T21:20:05+00:00,1.098701,1.099089,1.098603,1.098757,484
2026-08-12T21:21:05+00:00,1.098757,1.099117,1.098681,1.099042,590
2026-08-12T21:22:05+00:00,1.099042,1.099391,1.098956,1.099267,582
2026-08-12T21:23:05+00:00,1.099267,1.099480,1.099244,1.099288,167
2026-08-12T21:24:05+00:00,1.099288,1.099500,1.099039,1.099385,224
2026-08-12T21:25:05+00:00,1.099385,1.099758,1.099365,1.099702,80
2026-08-12T21:26:05+00:00,1.099702,1.099915,1.099539,1.099871,75
2026-08-12T21:27:05+00:00,1.099871,1.099917,1.099792,1.099839,597
2026-08-12T21:28:05+00:00,1.099839,1.100527,1.099838,1.100138,571
2026-08-12T21:29:05+00:00,1.100138,1.100340,1.099907,1.100275,183
2026-08-12T21:30:05+00:00,1.100275,1.100374,1.100018,1.100146,591
2026-08-12T21:31:05+00:00,1.100146,1.100295,1.099962,1.100220,85
2026-08-12T21:32:05+00:00,1.100220,1.100381,1.100089,1.100314,261
2026-08-12T21:33:05+00:00,1.100314,1.100354,1.099830,1.100060,472
2026-08-12T21:34:05+00:00,1.100060,1.100291,1.099965,1.100251,125
2026-08-12T21:35:05+00:00,1.100251,1.100455,1.099838,1.100247,186
2026-08-12T21:36:05+00:00,1.100247,1.100289,1.099996,1.100275,237
2026-08-12T21:37:05+00:00,1.100275,1.100566,1.100184,1.100353,563
2026-08-12T21:38:05+00:00,1.100353,1.100406,1.100222,1.100310,66
2026-08-12T21:39:05+00:00,1.100310,1.100390,1.100154,1.100387,584
2026-08-12T21:40:05+00:00,1.100387,1.100682,1.100344,1.100624,381
2026-08-12T21:41:05+00:00,1.100624,1.100811,1.100351,1.100596,320
2026-08-12T21:42:05+00:00,1.100596,1.100848,1.100527,1.100835,166
2026-08-12T21:43:05+00:00,1.100835,1.100985,1.100760,1.100975,541
2026-08-12T21:44:05+00:00,1.100975,1.101263,1.100951,1.101186,141
2026-08-12T21:45:05+00:00,1.101186,1.101628,1.100769,1.101402,438
2026-08-12T21:46:05+00:00,1.101402,1.101890,1.101351,1.101618,452
2026-08-12T21:47:05+00:00,1.101618,1.101631,1.101491,1.101505,565
2026-08-12T21:48:05+00:00,1.101505,1.101668,1.101440,1.101541,419
2026-08-12T21:49:05+00:00,1.101541,1.101581,1.101297,1.101579,508
2026-08-12T21:50:05+00:00,1.101579,1.102404,1.101423,1.101883,478
2026-08-12T21:51:05+00:00,1.101883,1.102048,1.101541,1.101979,274
2026-08-12T21:52:05+00:00,1.101979,1.102398,1.101794,1.101957,132
2026-08-12T21:53:05+00:00,1.101957,1.102263,1.101896,1.102146,135
2026-08-12T21:54:05+00:00,1.102146,1.102340,1.101927,1.102281,50
2026-08-12T21:55:05+00:00,1.102281,1.102566,1.102149,1.102312,179
2026-08-12T21:56:05+00:00,1.102312,1.102350,1.101891,1.102187,455
2026-08-12T21:57:05+00:00,1.102187,1.102243,1.101956,1.102098,47
2026-08-12T21:58:05+00:00,1.102098,1.102467,1.102086,1.102139,580
2026-08-12T21:59:05+00:00,1.102139,1.102805,1.102079,1.102586,212
2026-08-12T22:00:05+00:00,1.102586,1.102920,1.102493,1.102504,176
2026-08-12T22:01:05+00:00,1.102504,1.102887,1.102448,1.102704,428
2026-08-12T22:02:05+00:00,1.102704,1.103450,1.102580,1.103096,160
2026-08-12T22:03:05+00:00,1.103096,1.103210,1.102831,1.102843,42
2026-08-12T22:04:05+00:00,1.102843,1.103116,1.102738,1.102944,567
2026-08-12T22:05:05+00:00,1.102944,1.103851,1.102880,1.103568,539
2026-08-12T22:06:05+00:00,1.103568,1.103958,1.103455,1.103952,230
2026-08-12T22:07:05+00:00,1.103952,1.104407,1.103941,1.104217,242
2026-08-12T22:08:05+00:00,1.104217,1.104675,1.104111,1.104596,199
2026-08-12T22:09:05+00:00,1.104596,1.104927,1.104297,1.104927,423
2026-08-12T22:10:05+00:00,1.104927,1.105123,1.104902,1.104983,489
2026-08-12T22:11:05+00:00,1.104983,1.105135,1.104932,1.105009,484
2026-08-12T22:12:05+00:00,1.105009,1.105693,1.104844,1.105673,176
2026-08-12T22:13:05+00:00,1.105673,1.105965,1.105257,1.105949,204
2026-08-12T22:14:05+00:00,1.105949,1.106640,1.105610,1.105774,540
2026-08-12T22:15:05+00:00,1.105774,1.106019,1.105420,1.105905,372
2026-08-12T22:16:05+00:00,1.105905,1.106405,1.105855,1.106054,438
2026-08-12T22:17:05+00:00,1.106054,1.106292,1.105700,1.105765,169
2026-08-12T22:18:05+00:00,1.105765,1.106381,1.105727,1.106092,390
2026-08-12T22:19:05+00:00,1.106092,1.106675,1.106077,1.106653,531
2026-08-12T22:20:05+00:00,1.106653,1.107060,1.106650,1.106726,563
2026-08-12T22:21:05+00:00,1.106726,1.107053,1.106650,1.107038,309
2026-08-12T22:22:05+00:00,1.107038,1.107411,1.106880,1.107402,145
2026-08-12T22:23:05+00:00,1.107402,1.108157,1.107400,1.107974,192
2026-08-12T22:24:05+00:00,1.107974,1.108213,1.107692,1.108148,476
2026-08-12T22:25:05+00:00,1.108148,1.108338,1.107924,1.108265,429
2026-08-12T22:26:05+00:00,1.108265,1.108395,1.108189,1.108218,530
2026-08-12T22:27:05+00:00,1.108218,1.108669,1.108200,1.108631,152
2026-08-12T22:28:05+00:00,1.108631,1.108925,1.108475,1.108761,88
2026-08-12T22:29:05+00:00,1.108761,1.109278,1.108760,1.109041,369
2026-08-12T22:30:05+00:00,1.109041,1.109658,1.108862,1.109275,543
2026-08-12T22:31:05+00:00,1.109275,1.109572,1.109187,1.109541,53
2026-08-12T22:32:05+00:00,1.109541,1.109772,1.109325,1.109497,581
2026-08-12T22:33:05+00:00,1.109497,1.110069,1.109282,1.110053,433
2026-08-12T22:34:05+00:00,1.110053,1.110392,1.109989,1.110324,235
2026-08-12T22:35:05+00:00,1.110324,1.110500,1.110299,1.110430,599
2026-08-12T22:36:05+00:00,1.110430,1.110565,1.110391,1.110410,197
2026-08-12T22:37:05+00:00,1.110410,1.110466,1.110074,1.110219,298
2026-08-12T22:38:05+00:00,1.110219,1.111081,1.109942,1.110738,414
2026-08-12T22:39:05+00:00,1.110738,1.110895,1.110259,1.110795,109
2026-08-12T22:40:05+00:00,1.110795,1.110840,1.110561,1.110614,320
2026-08-12T22:41:05+00:00,1.110614,1.110672,1.110543,1.110604,102
2026-08-12T22:42:05+00:00,1.110604,1.111292,1.110255,1.110867,565
2026-08-12T22:43:05+00:00,1.110867,1.111544,1.110378,1.111257,433
2026-08-12T22:44:05+00:00,1.111257,1.111352,1.111154,1.111160,263
2026-08-12T22:45:05+00:00,1.111160,1.111883,1.111128,1.111325,565
2026-08-12T22:46:05+00:00,1.111325,1.111422,1.111025,1.111078,314
2026-08-12T22:47:05+00:00,1.111078,1.111421,1.111016,1.111387,283
2026-08-12T22:48:05+00:00,1.111387,1.111865,1.111358,1.111432,92
2026-08-12T22:49:05+00:00,1.111432,1.111702,1.110981,1.111699,587
2026-08-12T22:50:05+00:00,1.111699,1.112325,1.111492,1.112097,310
2026-08-12T22:51:05+00:00,1.112097,1.112484,1.111908,1.112192,372
2026-08-12T22:52:05+00:00,1.112192,1.112666,1.112096,1.112654,326
2026-08-12T22:53:05+00:00,1.112654,1.113625,1.112462,1.112823,148
2026-08-12T22:54:05+00:00,1.112823,1.113255,1.112618,1.112637,251
2026-08-12T22:55:05+00:00,1.112637,1.112866,1.112438,1.112829,444
2026-08-12T22:56:05+00:00,1.112829,1.112970,1.112455,1.112797,135
2026-08-12T22:57:05+00:00,1.112797,1.113350,1.112711,1.113022,220
2026-08-12T22:58:05+00:00,1.113022,1.113266,1.112970,1.112998,206
2026-08-12T22:59:05+00:00,1.112998,1.113155,1.112498,1.112847,232
2026-08-12T23:00:05+00:00,1.112847,1.112868,1.112521,1.112806,142
2026-08-12T23:01:05+00:00,1.112806,1.113037,1.112135,1.112405,52
2026-08-12T23:02:05+00:00,1.112405,1.112454,1.112076,1.112141,84
2026-08-12T23:03:05+00:00,1.112141,1.112151,1.111661,1.111740,53
2026-08-12T23:04:05+00:00,1.111740,1.111768,1.111262,1.111642,127
2026-08-12T23:05:05+00:00,1.111642,1.111781,1.111429,1.111447,494
2026-08-12T23:06:05+00:00,1.111447,1.111567,1.111401,1.111408,313
2026-08-12T23:07:05+00:00,1.111408,1.111770,1.111180,1.111536,145
2026-08-12T23:08:05+00:00,1.111536,1.111563,1.111349,1.111358,269
2026-08-12T23:09:05+00:00,1.111358,1.111395,1.111247,1.111266,333
2026-08-12T23:10:05+00:00,1.111266,1.111527,1.111045,1.111224,155
2026-08-12T23:11:05+00:00,1.111224,1.111326,1.110914,1.110920,328
2026-08-12T23:12:05+00:00,1.110920,1.111012,1.110514,1.110683,84
2026-08-12T23:13:05+00:00,1.110683,1.110767,1.110247,1.110420,225
2026-08-12T23:14:05+00:00,1.110420,1.110504,1.110194,1.110290,396
2026-08-12T23:15:05+00:00,1.110290,1.110514,1.110067,1.110484,417
2026-08-12T23:16:05+00:00,1.110484,1.110786,1.110474,1.110662,192
2026-08-12T23:17:05+00:00,1.110662,1.110721,1.110501,1.110580,497
2026-08-12T23:18:05+00:00,1.110580,1.110805,1.110288,1.110444,325
2026-08-12T23:19:05+00:00,1.110444,1.110463,1.110403,1.110442,434
2026-08-12T23:20:05+00:00,1.110442,1.110563,1.110075,1.110248,381
2026-08-12T23:21:05+00:00,1.110248,1.110420,1.110064,1.110127,432
2026-08-12T23:22:05+00:00,1.110127,1.110205,1.109638,1.109885,433
2026-08-12T23:23:05+00:00,1.109885,1.109905,1.109655,1.109742,264
2026-08-12T23:24:05+00:00,1.109742,1.109786,1.109613,1.109625,525
2026-08-12T23:25:05+00:00,1.109625,1.109685,1.109506,1.109539,397
2026-08-12T23:26:05+00:00,1.109539,1.109793,1.109139,1.109260,471
2026-08-12T23:27:05+00:00,1.109260,1.109323,1.109231,1.109307,181
2026-08-12T23:28:05+00:00,1.109307,1.109486,1.109294,1.109400,474
2026-08-12T23:29:05+00:00,1.109400,1.109452,1.108908,1.109071,115
2026-08-12T23:30:05+00:00,1.109071,1.109088,1.108743,1.108772,290
2026-08-12T23:31:05+00:00,1.108772,1.108897,1.108696,1.108754,193
2026-08-12T23:32:05+00:00,1.108754,1.108850,1.108477,1.108682,521
2026-08-12T23:33:05+00:00,1.108682,1.108798,1.108334,1.108523,53
2026-08-12T23:34:05+00:00,1.108523,1.108743,1.108522,1.108657,51
2026-08-12T23:35:05+00:00,1.108657,1.108851,1.108416,1.108517,505
2026-08-12T23:36:05+00:00,1.108517,1.108610,1.108071,1.108304,473
2026-08-12T23:37:05+00:00,1.108304,1.108313,1.108235,1.108301,426
2026-08-12T23:38:05+00:00,1.108301,1.108370,1.108263,1.108365,228
2026-08-12T23:39:05+00:00,1.108365,1.108559,1.108275,1.108304,119
2026-08-12T23:40:05+00:00,1.108304,1.108453,1.108201,1.108363,208
2026-08-12T23:41:05+00:00,1.108363,1.108406,1.108127,1.108172,316
2026-08-12T23:42:05+00:00,1.108172,1.108246,1.108155,1.108214,328
2026-08-12T23:43:05+00:00,1.108214,1.108254,1.108156,1.108187,51
2026-08-12T23:44:05+00:00,1.108187,1.108299,1.108167,1.108192,315
2026-08-12T23:45:05+00:00,1.108192,1.108211,1.108156,1.108165,535
2026-08-12T23:46:05+00:00,1.108165,1.108328,1.107996,1.108284,329
2026-08-12T23:47:05+00:00,1.108284,1.108452,1.108284,1.108292,440
2026-08-12T23:48:05+00:00,1.108292,1.108702,1.108102,1.108230,555
2026-08-12T23:49:05+00:00,1.108230,1.108335,1.108191,1.108320,431
2026-08-12T23:50:05+00:00,1.108320,1.108339,1.107958,1.108012,120
2026-08-12T23:51:05+00:00,1.108012,1.108463,1.107846,1.108213,260
2026-08-12T23:52:05+00:00,1.108213,1.108534,1.107975,1.108296,568
2026-08-12T23:53:05+00:00,1.108296,1.108849,1.108134,1.108651,389
2026-08-12T23:54:05+00:00,1.108651,1.108669,1.108383,1.108568,80
2026-08-12T23:55:05+00:00,1.108568,1.108598,1.108091,1.108289,253
2026-08-12T23:56:05+00:00,1.108289,1.108527,1.107657,1.108522,139
2026-08-12T23:57:05+00:00,1.108522,1.108767,1.107988,1.108294,600
2026-08-12T23:58:05+00:00,1.108294,1.108785,1.108062,1.108505,213
2026-08-12T23:59:05+00:00,1.108505,1.108601,1.108353,1.108507,412
2026-08-13T00:00:05+00:00,1.108507,1.108564,1.107934,1.108465,302
2026-08-13T00:01:05+00:00,1.108465,1.109015,1.108305,1.108595,166
2026-08-13T00:02:05+00:00,1.108595,1.108832,1.108564,1.108805,172
2026-08-13T00:03:05+00:00,1.108805,1.109198,1.108789,1.108991,361
2026-08-13T00:04:05+00:00,1.108991,1.109165,1.108765,1.108791,83
2026-08-13T00:05:05+00:00,1.108791,1.109363,1.108556,1.109178,290
2026-08-13T00:06:05+00:00,1.109178,1.109260,1.108855,1.109189,268
2026-08-13T00:07:05+00:00,1.109189,1.109269,1.108907,1.108927,517
2026-08-13T00:08:05+00:00,1.108927,1.108996,1.108430,1.108568,150
2026-08-13T00:09:05+00:00,1.108568,1.109079,1.108321,1.108613,244
2026-08-13T00:10:05+00:00,1.108613,1.108651,1.108384,1.108482,527
2026-08-13T00:11:05+00:00,1.108482,1.108636,1.108274,1.108319,521
2026-08-13T00:12:05+00:00,1.108319,1.108499,1.107919,1.108371,103
2026-08-13T00:13:05+00:00,1.108371,1.108589,1.108023,1.108281,524
2026-08-13T00:14:05+00:00,1.108281,1.108353,1.108259,1.108265,298
2026-08-13T00:15:05+00:00,1.108265,1.108347,1.107891,1.107939,454
2026-08-13T00:16:05+00:00,1.107939,1.108546,1.107813,1.108338,305
2026-08-13T00:17:05+00:00,1.108338,1.108660,1.108236,1.108368,478
2026-08-13T00:18:05+00:00,1.108368,1.108566,1.107991,1.108077,526
2026-08-13T00:19:05+00:00,1.108077,1.108361,1.107502,1.108237,487
2026-08-13T00:20:05+00:00,1.108237,1.108471,1.107605,1.107940,243
2026-08-13T00:21:05+00:00,1.107940,1.108022,1.107767,1.107912,371
2026-08-13T00:22:05+00:00,1.107912,1.108343,1.107413,1.107612,54
2026-08-13T00:23:05+00:00,1.107612,1.107686,1.107171,1.107190,364
2026-08-13T00:24:05+00:00,1.107190,1.107973,1.107174,1.107639,501
2026-08-13T00:25:05+00:00,1.107639,1.107915,1.107235,1.107581,139
2026-08-13T00:26:05+00:00,1.107581,1.107980,1.107500,1.107927,426
2026-08-13T00:27:05+00:00,1.107927,1.107951,1.107379,1.107471,54
2026-08-13T00:28:05+00:00,1.107471,1.107585,1.107151,1.107258,167
2026-08-13T00:29:05+00:00,1.107258,1.107787,1.107036,1.107624,460
2026-08-13T00:30:05+00:00,1.107624,1.107907,1.107135,1.107303,220
2026-08-13T00:31:05+00:00,1.107303,1.107543,1.107135,1.107218,486
2026-08-13T00:32:05+00:00,1.107218,1.107982,1.105963,1.106403,141
2026-08-13T00:33:05+00:00,1.106403,1.106698,1.106081,1.106580,56
2026-08-13T00:34:05+00:00,1.106580,1.106905,1.106140,1.106151,142
2026-08-13T00:35:05+00:00,1.106151,1.107120,1.104868,1.104889,336
2026-08-13T00:36:05+00:00,1.104889,1.105444,1.104609,1.105112,520
2026-08-13T00:37:05+00:00,1.105112,1.105819,1.104063,1.105028,515
2026-08-13T00:38:05+00:00,1.105028,1.105554,1.104189,1.104192,423
2026-08-13T00:39:05+00:00,1.104192,1.104645,1.104107,1.104128,310
2026-08-13T00:40:05+00:00,1.104128,1.105387,1.103712,1.103739,464
2026-08-13T00:41:05+00:00,1.103739,1.104115,1.103635,1.103698,571
2026-08-13T00:42:05+00:00,1.103698,1.104408,1.102643,1.103983,287
2026-08-13T00:43:05+00:00,1.103983,1.104453,1.103213,1.103595,442
2026-08-13T00:44:05+00:00,1.103595,1.104698,1.103164,1.104002,217
2026-08-13T00:45:05+00:00,1.104002,1.104572,1.103811,1.104485,276
2026-08-13T00:46:05+00:00,1.104485,1.105570,1.104018,1.105156,306
2026-08-13T00:47:05+00:00,1.105156,1.105405,1.104187,1.104574,135
2026-08-13T00:48:05+00:00,1.104574,1.105225,1.104489,1.104971,596
2026-08-13T00:49:05+00:00,1.104971,1.105433,1.104664,1.104913,173
2026-08-13T00:50:05+00:00,1.104913,1.105587,1.104648,1.105517,267
2026-08-13T00:51:05+00:00,1.105517,1.106285,1.105471,1.106080,427
2026-08-13T00:52:05+00:00,1.106080,1.106546,1.105736,1.106157,145
2026-08-13T00:53:05+00:00,1.106157,1.106250,1.105885,1.105931,185
2026-08-13T00:54:05+00:00,1.105931,1.106331,1.105578,1.105760,252
2026-08-13T00:55:05+00:00,1.105760,1.105835,1.105757,1.105773,115
2026-08-13T00:56:05+00:00,1.105773,1.105800,1.104818,1.105236,501
2026-08-13T00:57:05+00:00,1.105236,1.105645,1.105180,1.105619,222
2026-08-13T00:58:05+00:00,1.105619,1.106139,1.105040,1.105336,395
2026-08-13T00:59:05+00:00,1.105336,1.105854,1.105082,1.105562,202
2026-08-13T01:00:05+00:00,1.105562,1.105582,1.105107,1.105287,570
2026-08-13T01:01:05+00:00,1.105287,1.105643,1.104506,1.105012,157
2026-08-13T01:02:05+00:00,1.105012,1.105109,1.104765,1.105082,169
2026-08-13T01:03:05+00:00,1.105082,1.105904,1.105018,1.105351,396
2026-08-13T01:04:05+00:00,1.105351,1.105751,1.105109,1.105220,449
2026-08-13T01:05:05+00:00,1.105220,1.105220,1.104594,1.104876,327
2026-08-13T01:06:05+00:00,1.104876,1.105073,1.104680,1.105031,250
2026-08-13T01:07:05+00:00,1.105031,1.105917,1.104856,1.104923,473
2026-08-13T01:08:05+00:00,1.104923,1.105029,1.104522,1.104701,244
2026-08-13T01:09:05+00:00,1.104701,1.105216,1.104390,1.104909,105
2026-08-13T01:10:05+00:00,1.104909,1.105190,1.104225,1.104234,583
2026-08-13T01:11:05+00:00,1.104234,1.104732,1.104205,1.104582,370
2026-08-13T01:12:05+00:00,1.104582,1.104640,1.104341,1.104385,188
2026-08-13T01:13:05+00:00,1.104385,1.104943,1.104156,1.104706,51
2026-08-13T01:14:05+00:00,1.104706,1.104918,1.104558,1.104657,107
2026-08-13T01:15:05+00:00,1.104657,1.105136,1.104469,1.104883,145
2026-08-13T01:16:05+00:00,1.104883,1.105141,1.104142,1.104371,471
2026-08-13T01:17:05+00:00,1.104371,1.104970,1.103623,1.103881,242
2026-08-13T01:18:05+00:00,1.103881,1.104602,1.103567,1.104089,167
2026-08-13T01:19:05+00:00,1.104089,1.104401,1.103836,1.104066,282
2026-08-13T01:20:05+00:00,1.104066,1.104201,1.103148,1.103802,512
2026-08-13T01:21:05+00:00,1.103802,1.103936,1.102736,1.102942,586
2026-08-13T01:22:05+00:00,1.102942,1.103085,1.102793,1.103034,465
2026-08-13T01:23:05+00:00,1.103034,1.103076,1.103006,1.103056,360
2026-08-13T01:24:05+00:00,1.103056,1.103057,1.102923,1.103018,164
2026-08-13T01:25:05+00:00,1.103018,1.103081,1.102978,1.103004,269
2026-08-13T01:26:05+00:00,1.103004,1.103024,1.102961,1.103021,486
2026-08-13T01:27:05+00:00,1.103021,1.103304,1.102955,1.103198,417
2026-08-13T01:28:05+00:00,1.103198,1.103324,1.103191,1.103264,84
2026-08-13T01:29:05+00:00,1.103264,1.103289,1.103215,1.103223,377
2026-08-13T01:30:05+00:00,1.103223,1.103389,1.103058,1.103131,511
2026-08-13T01:31:05+00:00,1.103131,1.103148,1.102795,1.102832,463
2026-08-13T01:32:05+00:00,1.102832,1.102970,1.102686,1.102694,541
2026-08-13T01:33:05+00:00,1.102694,1.102989,1.102426,1.102859,271
2026-08-13T01:34:05+00:00,1.102859,1.103210,1.102684,1.103068,288
2026-08-13T01:35:05+00:00,1.103068,1.103304,1.102968,1.103295,119
2026-08-13T01:36:05+00:00,1.103295,1.103501,1.103246,1.103453,434
2026-08-13T01:37:05+00:00,1.103453,1.103501,1.103264,1.103300,580
2026-08-13T01:38:05+00:00,1.103300,1.103315,1.103090,1.103164,556
2026-08-13T01:39:05+00:00,1.103164,1.103285,1.102809,1.102938,434
2026-08-13T01:40:05+00:00,1.102938,1.103306,1.102921,1.103262,324
2026-08-13T01:41:05+00:00,1.103262,1.103386,1.102864,1.103157,144
2026-08-13T01:42:05+00:00,1.103157,1.103658,1.103135,1.103364,231
2026-08-13T01:43:05+00:00,1.103364,1.103859,1.103344,1.103725,400
2026-08-13T01:44:05+00:00,1.103725,1.103913,1.103644,1.103687,554
2026-08-13T01:45:05+00:00,1.103687,1.103804,1.103557,1.103729,418
2026-08-13T01:46:05+00:00,1.103729,1.104096,1.103589,1.103939,452
2026-08-13T01:47:05+00:00,1.103939,1.104032,1.103803,1.104009,571
2026-08-13T01:48:05+00:00,1.104009,1.104119,1.103635,1.103757,94
2026-08-13T01:49:05+00:00,1.103757,1.103904,1.103649,1.103724,584
2026-08-13T01:50:05+00:00,1.103724,1.103908,1.103686,1.103832,143
2026-08-13T01:51:05+00:00,1.103832,1.103909,1.103493,1.103648,547
2026-08-13T01:52:05+00:00,1.103648,1.103969,1.103605,1.103740,43
2026-08-13T01:53:05+00:00,1.103740,1.104135,1.103737,1.103991,528
2026-08-13T01:54:05+00:00,1.103991,1.104376,1.103822,1.103965,210
2026-08-13T01:55:05+00:00,1.103965,1.104273,1.103929,1.104223,53
2026-08-13T01:56:05+00:00,1.104223,1.104298,1.103952,1.104119,214
2026-08-13T01:57:05+00:00,1.104119,1.104280,1.103840,1.104054,525
2026-08-13T01:58:05+00:00,1.104054,1.104125,1.103679,1.103855,337
2026-08-13T01:59:05+00:00,1.103855,1.104225,1.103833,1.104088,190
2026-08-13T02:00:05+00:00,1.104088,1.104204,1.103955,1.104103,399
2026-08-13T02:01:05+00:00,1.104103,1.104316,1.103805,1.104302,413
2026-08-13T02:02:05+00:00,1.104302,1.104366,1.103858,1.103939,535
2026-08-13T02:03:05+00:00,1.103939,1.104212,1.103790,1.104148,61
2026-08-13T02:04:05+00:00,1.104148,1.104370,1.104036,1.104271,71
2026-08-13T02:05:05+00:00,1.104271,1.104555,1.104056,1.104104,131
2026-08-13T02:06:05+00:00,1.104104,1.104842,1.103548,1.104193,597
2026-08-13T02:07:05+00:00,1.104193,1.105016,1.103639,1.103911,579
2026-08-13T02:08:05+00:00,1.103911,1.104434,1.103779,1.104038,322
2026-08-13T02:09:05+00:00,1.104038,1.104436,1.103978,1.104211,391
2026-08-13T02:10:05+00:00,1.104211,1.104350,1.103621,1.104129,395
2026-08-13T02:11:05+00:00,1.104129,1.104342,1.103733,1.103774,190
2026-08-13T02:12:05+00:00,1.103774,1.103816,1.103095,1.103466,350
2026-08-13T02:13:05+00:00,1.103466,1.103644,1.102953,1.103029,504
2026-08-13T02:14:05+00:00,1.103029,1.103147,1.102823,1.103094,480
2026-08-13T02:15:05+00:00,1.103094,1.103126,1.102967,1.103021,181
2026-08-13T02:16:05+00:00,1.103021,1.103229,1.102471,1.102744,198
2026-08-13T02:17:05+00:00,1.102744,1.102787,1.102025,1.102206,241
2026-08-13T02:18:05+00:00,1.102206,1.102367,1.101129,1.101526,294
2026-08-13T02:19:05+00:00,1.101526,1.101726,1.101270,1.101504,140
2026-08-13T02:20:05+00:00,1.101504,1.102151,1.101384,1.101814,370
2026-08-13T02:21:05+00:00,1.101814,1.102228,1.101441,1.101915,296
2026-08-13T02:22:05+00:00,1.101915,1.102148,1.101729,1.101987,512
2026-08-13T02:23:05+00:00,1.101987,1.102334,1.101671,1.102015,487
2026-08-13T02:24:05+00:00,1.102015,1.102299,1.101636,1.102126,406
2026-08-13T02:25:05+00:00,1.102126,1.102310,1.101895,1.101985,460
2026-08-13T02:26:05+00:00,1.101985,1.102039,1.101346,1.101351,183
2026-08-13T02:27:05+00:00,1.101351,1.101404,1.100968,1.101124,564
2026-08-13T02:28:05+00:00,1.101124,1.101399,1.100711,1.100777,442
2026-08-13T02:29:05+00:00,1.100777,1.100839,1.100490,1.100602,570
2026-08-13T02:30:05+00:00,1.100602,1.100610,1.100341,1.100410,381
2026-08-13T02:31:05+00:00,1.100410,1.100524,1.099781,1.100016,379
2026-08-13T02:32:05+00:00,1.100016,1.100091,1.099658,1.099970,249
2026-08-13T02:33:05+00:00,1.099970,1.100407,1.099654,1.099833,179
2026-08-13T02:34:05+00:00,1.099833,1.100187,1.099706,1.099771,46
2026-08-13T02:35:05+00:00,1.099771,1.099933,1.099665,1.099825,108
2026-08-13T02:36:05+00:00,1.099825,1.099985,1.099770,1.099985,525
2026-08-13T02:37:05+00:00,1.099985,1.100067,1.099951,1.099954,164
2026-08-13T02:38:05+00:00,1.099954,1.100071,1.099762,1.099781,306
2026-08-13T02:39:05+00:00,1.099781,1.100216,1.099398,1.100040,166
2026-08-13T02:40:05+00:00,1.100040,1.100101,1.099637,1.099701,214
2026-08-13T02:41:05+00:00,1.099701,1.099733,1.099263,1.099362,531
2026-08-13T02:42:05+00:00,1.099362,1.099684,1.098866,1.099199,440
2026-08-13T02:43:05+00:00,1.099199,1.099243,1.098976,1.099114,475
2026-08-13T02:44:05+00:00,1.099114,1.099171,1.099015,1.099103,74
2026-08-13T02:45:05+00:00,1.099103,1.099334,1.098960,1.099153,83
2026-08-13T02:46:05+00:00,1.099153,1.099237,1.099081,1.099192,49
2026-08-13T02:47:05+00:00,1.099192,1.099453,1.098655,1.098979,555
2026-08-13T02:48:05+00:00,1.098979,1.099276,1.098887,1.098975,195
2026-08-13T02:49:05+00:00,1.098975,1.098995,1.098775,1.098878,183
2026-08-13T02:50:05+00:00,1.098878,1.099057,1.098556,1.098743,535
2026-08-13T02:51:05+00:00,1.098743,1.099042,1.098713,1.098873,559
2026-08-13T02:52:05+00:00,1.098873,1.098971,1.098727,1.098818,396
2026-08-13T02:53:05+00:00,1.098818,1.099105,1.098770,1.099079,70
